invoice_id,client_id,invoice_amount,invoice_issue_date,invoice_due_date,paid_date,payment_status
INV00001,C026,22000.0,2024-10-27,2024-12-11,2024-12-06,paid
INV00002,C019,18600.0,2024-03-12,2024-03-27,2024-03-25,paid
INV00003,C011,36500.0,2024-03-22,2024-04-21,2024-04-18,paid
INV00004,C006,53600.0,2024-10-11,2024-12-10,2024-12-08,paid
INV00005,C019,42000.0,2024-06-15,2024-07-30,2024-07-25,paid
INV00006,C017,197000.0,2024-09-30,2024-10-15,2024-10-14,paid
INV00007,C015,53400.0,2025-06-30,2025-07-30,2025-08-11,overdue
INV00008,C032,62900.0,2025-01-23,2025-03-09,2025-03-04,paid
INV00009,C015,78700.0,2025-07-24,2025-08-23,2025-08-23,paid
INV00010,C003,395200.0,2024-08-22,2024-09-06,2024-09-03,paid
INV00011,C013,135100.0,2024-10-01,2024-10-16,2024-10-23,overdue
INV00012,C032,158600.0,2025-08-03,2025-09-17,2025-10-29,overdue
INV00013,C007,91800.0,2025-05-26,2025-07-25,2025-07-20,paid
INV00014,C019,30200.0,2025-04-14,2025-05-14,2025-05-13,paid
INV00015,C022,26200.0,2025-07-28,2025-09-11,2025-09-08,paid
INV00016,C021,32500.0,2025-08-20,2025-10-19,2025-10-18,paid
INV00017,C013,19900.0,2025-06-05,2025-08-04,2025-09-05,overdue
INV00018,C010,53800.0,2024-02-18,2024-03-04,2024-05-16,overdue
INV00019,C027,18100.0,2024-06-12,2024-08-11,2024-08-08,paid
INV00020,C045,507600.0,2025-01-25,2025-03-26,2025-03-22,paid
INV00021,C009,40000.0,2024-01-12,2024-01-27,2024-01-23,paid
INV00022,C013,79300.0,2024-09-30,2024-11-14,2024-11-15,overdue
INV00023,C028,92500.0,2025-03-21,2025-04-20,2025-04-15,paid
INV00024,C027,184100.0,2024-09-26,2024-10-26,2024-10-26,paid
INV00025,C012,65100.0,2025-10-02,2025-11-16,2025-11-12,paid
INV00026,C033,57800.0,2025-09-15,2025-10-15,2025-12-26,overdue
INV00027,C049,80200.0,2025-07-06,2025-07-21,2025-07-18,paid
INV00028,C049,35800.0,2024-01-20,2024-02-04,2024-02-02,paid
INV00029,C010,641200.0,2024-09-02,2024-09-17,2024-10-01,overdue
INV00030,C036,47700.0,2025-08-03,2025-08-18,2025-08-21,overdue
INV00031,C001,29500.0,2025-05-12,2025-05-27,2025-05-23,paid
INV00032,C014,157900.0,2024-05-08,2024-06-07,2024-06-03,paid
INV00033,C039,333000.0,2024-06-18,2024-08-02,2024-07-29,paid
INV00034,C045,18700.0,2025-03-09,2025-04-08,2025-04-03,paid
INV00035,C011,96100.0,2024-07-24,2024-09-07,2024-09-17,overdue
INV00036,C042,33300.0,2025-10-27,2025-12-11,2025-12-07,paid
INV00037,C048,82600.0,2024-09-10,2024-10-10,2024-11-10,overdue
INV00038,C027,29400.0,2024-01-22,2024-02-21,2024-02-21,paid
INV00039,C045,42000.0,2024-03-13,2024-03-28,2024-05-01,overdue
INV00040,C011,86600.0,2024-02-02,2024-03-18,2024-03-21,overdue
INV00041,C040,41100.0,2024-08-31,2024-10-15,2024-10-14,paid
INV00042,C007,204300.0,2025-07-06,2025-08-05,2025-08-01,paid
INV00043,C026,55300.0,2025-08-13,2025-10-12,2025-10-09,paid
INV00044,C019,27100.0,2025-02-20,2025-03-22,2025-03-26,overdue
INV00045,C027,196900.0,2025-03-17,2025-05-01,2025-04-28,paid
INV00046,C006,72400.0,2024-02-25,2024-03-11,2024-03-31,overdue
INV00047,C017,99900.0,2024-12-13,2024-12-28,2024-12-27,paid
INV00048,C001,169600.0,2025-07-03,2025-09-01,2025-09-05,overdue
INV00049,C010,85200.0,2024-07-06,2024-08-20,2024-08-20,paid
INV00050,C012,129600.0,2025-03-29,2025-04-13,2025-05-02,overdue
INV00051,C003,107700.0,2025-07-07,2025-07-22,2025-07-21,paid
INV00052,C018,69500.0,2024-06-19,2024-08-18,2024-08-17,paid
INV00053,C036,160000.0,2025-02-14,2025-03-01,2025-03-30,overdue
INV00054,C021,57600.0,2024-01-03,2024-03-03,2024-03-29,overdue
INV00055,C018,115200.0,2025-04-10,2025-05-25,2025-05-20,paid
INV00056,C033,27900.0,2025-07-23,2025-09-21,2025-10-22,overdue
INV00057,C015,203000.0,2024-10-30,2024-11-29,2024-11-25,paid
INV00058,C005,119200.0,2025-07-09,2025-07-24,2025-07-24,paid
INV00059,C032,48100.0,2024-02-21,2024-04-21,2024-04-17,paid
INV00060,C042,129500.0,2024-06-10,2024-06-25,2024-06-25,paid
INV00061,C037,269500.0,2024-07-09,2024-07-24,2024-07-19,paid
INV00062,C025,78400.0,2024-08-28,2024-10-27,2024-11-28,overdue
INV00063,C043,136200.0,2025-08-06,2025-09-05,2025-09-05,paid
INV00064,C002,48400.0,2025-09-26,2025-10-11,2025-10-07,paid
INV00065,C006,115300.0,2025-08-01,2025-09-15,2025-09-14,paid
INV00066,C020,16500.0,2024-11-17,2024-12-17,2024-12-16,paid
INV00067,C026,62300.0,2025-10-22,2025-12-06,,pending
INV00068,C008,139200.0,2025-09-28,2025-10-13,2025-10-22,overdue
INV00069,C015,1092900.0,2024-08-06,2024-09-20,2024-09-27,overdue
INV00070,C002,163500.0,2024-12-23,2025-01-07,2025-01-05,paid
INV00071,C002,238100.0,2024-10-18,2024-11-17,2024-11-13,paid
INV00072,C035,237900.0,2024-11-05,2024-11-20,2024-11-16,paid
INV00073,C050,753900.0,2024-11-02,2024-11-17,2024-11-16,paid
INV00074,C022,54500.0,2024-09-27,2024-10-12,2024-10-07,paid
INV00075,C031,103200.0,2025-07-20,2025-08-19,2025-08-15,paid
INV00076,C048,58300.0,2024-08-03,2024-09-17,2024-09-20,overdue
INV00077,C008,80100.0,2025-10-11,2025-11-25,2025-11-23,paid
INV00078,C011,30400.0,2024-02-22,2024-03-08,2024-03-06,paid
INV00079,C031,83700.0,2024-02-15,2024-03-01,2024-02-29,paid
INV00080,C008,35800.0,2025-10-14,2025-11-28,2025-12-23,overdue
INV00081,C024,54600.0,2025-03-13,2025-03-28,2025-03-29,overdue
INV00082,C022,148300.0,2024-06-01,2024-06-16,2024-06-12,paid
INV00083,C025,21000.0,2025-07-19,2025-08-18,2025-08-18,paid
INV00084,C029,33500.0,2024-11-11,2024-12-26,2024-12-26,paid
INV00085,C006,124100.0,2025-01-01,2025-01-31,2025-01-26,paid
INV00086,C041,306900.0,2024-04-15,2024-05-30,2024-05-27,paid
INV00087,C025,124700.0,2025-09-27,2025-10-27,2025-10-26,paid
INV00088,C031,347700.0,2024-06-15,2024-07-15,2024-07-15,paid
INV00089,C017,67100.0,2024-07-02,2024-08-16,2024-08-13,paid
INV00090,C013,61000.0,2024-09-11,2024-10-26,2024-11-12,overdue
INV00091,C037,105200.0,2024-04-20,2024-06-19,2024-06-16,paid
INV00092,C006,56800.0,2024-08-15,2024-09-14,2024-09-11,paid
INV00093,C016,64400.0,2024-12-24,2025-02-07,2025-02-06,paid
INV00094,C047,32000.0,2024-08-16,2024-08-31,2024-08-28,paid
INV00095,C011,60500.0,2024-12-02,2025-01-16,2025-01-14,paid
INV00096,C034,24500.0,2024-12-25,2025-02-23,2025-02-19,paid
INV00097,C010,179900.0,2024-12-05,2024-12-20,2025-01-17,overdue
INV00098,C027,44700.0,2024-09-24,2024-10-24,2024-10-22,paid
INV00099,C019,114800.0,2024-02-09,2024-02-24,2024-02-22,paid
INV00100,C034,119900.0,2024-11-17,2025-01-16,2025-01-12,paid
INV00101,C039,37900.0,2024-04-28,2024-06-27,2024-06-26,paid
INV00102,C047,16400.0,2024-09-17,2024-10-02,2024-10-02,paid
INV00103,C012,22700.0,2025-06-16,2025-07-16,2025-07-16,paid
INV00104,C020,129000.0,2024-12-04,2025-01-18,2025-01-18,paid
INV00105,C006,47500.0,2024-11-03,2024-12-18,2024-12-16,paid
INV00106,C039,82400.0,2025-02-16,2025-04-02,2025-04-01,paid
INV00107,C045,27900.0,2025-03-06,2025-05-05,2025-05-04,paid
INV00108,C019,49600.0,2025-09-22,2025-11-06,2025-11-06,paid
INV00109,C024,27800.0,2024-11-07,2024-12-22,2025-01-14,overdue
INV00110,C021,26700.0,2025-08-16,2025-09-30,2025-09-27,paid
INV00111,C001,17300.0,2024-08-06,2024-10-05,2024-09-30,paid
INV00112,C019,84200.0,2024-06-22,2024-07-07,2024-07-02,paid
INV00113,C008,79500.0,2025-10-10,2025-11-24,2025-12-07,overdue
INV00114,C048,33200.0,2024-08-28,2024-10-12,2024-10-14,overdue
INV00115,C032,31400.0,2024-07-22,2024-08-21,2024-09-07,overdue
INV00116,C018,168900.0,2024-09-07,2024-11-06,2024-11-06,paid
INV00117,C029,58100.0,2025-04-11,2025-06-10,2025-06-06,paid
INV00118,C031,49000.0,2024-07-18,2024-09-16,2024-09-15,paid
INV00119,C040,53200.0,2024-05-31,2024-06-15,2024-06-15,paid
INV00120,C013,38800.0,2025-03-11,2025-04-10,2025-04-15,overdue
INV00121,C032,56900.0,2025-06-14,2025-08-13,2025-09-11,overdue
INV00122,C033,34600.0,2024-09-12,2024-09-27,2024-09-24,paid
INV00123,C043,124300.0,2025-06-27,2025-08-11,2025-08-08,paid
INV00124,C011,203700.0,2025-09-19,2025-11-18,2025-11-14,paid
INV00125,C013,132200.0,2025-04-01,2025-05-01,2025-04-28,paid
INV00126,C014,103100.0,2025-04-05,2025-05-20,2025-05-15,paid
INV00127,C030,117200.0,2024-10-10,2024-12-09,2024-12-07,paid
INV00128,C003,44200.0,2025-03-26,2025-04-10,2025-04-09,paid
INV00129,C024,245000.0,2024-10-05,2024-11-19,2024-11-15,paid
INV00130,C024,108900.0,2024-03-23,2024-04-22,2024-04-25,overdue
INV00131,C006,378100.0,2025-01-27,2025-02-26,2025-02-26,paid
INV00132,C018,106500.0,2025-02-28,2025-04-29,2025-04-26,paid
INV00133,C047,82100.0,2025-03-01,2025-03-16,2025-04-10,overdue
INV00134,C041,16600.0,2025-03-06,2025-05-05,2025-05-01,paid
INV00135,C035,43300.0,2024-01-21,2024-03-21,2024-03-19,paid
INV00136,C006,138000.0,2024-11-01,2024-12-31,2024-12-28,paid
INV00137,C038,27100.0,2025-07-05,2025-08-04,2025-08-02,paid
INV00138,C019,104400.0,2025-03-22,2025-05-21,2025-08-19,overdue
INV00139,C006,461900.0,2024-12-10,2025-02-08,2025-02-05,paid
INV00140,C008,208800.0,2024-05-10,2024-05-25,2024-05-21,paid
INV00141,C029,202400.0,2025-07-31,2025-08-15,2025-08-26,overdue
INV00142,C008,79000.0,2025-03-14,2025-04-13,2025-04-12,paid
INV00143,C007,73900.0,2024-02-21,2024-04-06,2024-04-12,overdue
INV00144,C013,21900.0,2024-08-04,2024-10-03,2024-11-08,overdue
INV00145,C001,25300.0,2025-01-23,2025-03-09,2025-03-06,paid
INV00146,C032,30500.0,2024-09-15,2024-09-30,2024-09-25,paid
INV00147,C021,27100.0,2025-07-06,2025-07-21,2025-07-19,paid
INV00148,C019,30300.0,2024-08-17,2024-09-01,2024-08-27,paid
INV00149,C029,319800.0,2024-02-11,2024-02-26,2024-02-25,paid
INV00150,C048,26300.0,2024-01-21,2024-02-20,2024-05-05,overdue
INV00151,C020,186000.0,2025-04-29,2025-05-14,2025-05-13,paid
INV00152,C032,21600.0,2025-04-21,2025-06-05,2025-06-04,paid
INV00153,C042,202400.0,2025-09-12,2025-09-27,2025-09-26,paid
INV00154,C040,62400.0,2024-11-14,2024-11-29,2024-11-27,paid
INV00155,C007,107300.0,2025-08-12,2025-10-11,2025-10-15,overdue
INV00156,C019,30000.0,2024-07-22,2024-08-06,2024-08-01,paid
INV00157,C002,78700.0,2024-09-05,2024-09-20,2024-09-18,paid
INV00158,C011,54000.0,2025-09-06,2025-09-21,2025-09-17,paid
INV00159,C017,197500.0,2024-02-12,2024-03-28,2024-03-23,paid
INV00160,C034,122700.0,2025-01-14,2025-01-29,2025-01-27,paid
INV00161,C011,31100.0,2024-01-13,2024-03-13,2024-03-13,paid
INV00162,C031,77300.0,2025-03-19,2025-05-03,2025-04-30,paid
INV00163,C023,65300.0,2024-06-05,2024-08-04,2024-08-21,overdue
INV00164,C002,18700.0,2025-06-18,2025-08-02,2025-07-29,paid
INV00165,C016,43800.0,2025-05-10,2025-07-09,2025-07-04,paid
INV00166,C001,32200.0,2025-08-29,2025-10-13,2025-10-19,overdue
INV00167,C038,73500.0,2024-09-08,2024-09-23,2024-09-25,overdue
INV00168,C022,14200.0,2025-04-06,2025-05-06,2025-05-02,paid
INV00169,C018,29900.0,2025-09-16,2025-11-15,2025-11-12,paid
INV00170,C050,350800.0,2024-11-28,2024-12-28,2024-12-26,paid
INV00171,C021,27400.0,2024-09-21,2024-11-05,2024-11-22,overdue
INV00172,C024,45300.0,2025-09-02,2025-10-17,2025-10-13,paid
INV00173,C028,17500.0,2024-07-14,2024-07-29,2024-08-12,overdue
INV00174,C024,88100.0,2025-02-20,2025-04-21,2025-04-20,paid
INV00175,C033,40100.0,2025-05-02,2025-07-01,2025-07-01,paid
INV00176,C023,124000.0,2024-04-05,2024-05-20,2024-05-27,overdue
INV00177,C033,26500.0,2024-09-06,2024-10-21,2024-10-19,paid
INV00178,C019,43700.0,2025-04-29,2025-06-13,2025-06-08,paid
INV00179,C027,243300.0,2025-07-17,2025-08-31,2025-08-28,paid
INV00180,C042,42100.0,2024-10-04,2024-11-18,2024-11-18,paid
INV00181,C016,32800.0,2024-07-16,2024-08-30,2024-09-12,overdue
INV00182,C012,85100.0,2025-07-02,2025-08-01,2025-08-12,overdue
INV00183,C025,32600.0,2025-05-10,2025-06-24,2025-06-20,paid
INV00184,C037,48800.0,2025-09-03,2025-10-18,2025-10-17,paid
INV00185,C041,489500.0,2024-10-30,2024-11-29,2024-11-27,paid
INV00186,C043,74400.0,2024-01-15,2024-02-14,2024-03-07,overdue
INV00187,C002,473000.0,2024-02-25,2024-04-10,2024-04-09,paid
INV00188,C018,25800.0,2025-10-15,2025-12-14,,pending
INV00189,C050,119700.0,2024-10-18,2024-12-17,2024-12-15,paid
INV00190,C050,137000.0,2024-07-07,2024-07-22,2024-07-19,paid
INV00191,C004,50600.0,2024-04-26,2024-05-11,2024-05-11,paid
INV00192,C046,70900.0,2025-08-13,2025-08-28,2025-09-03,overdue
INV00193,C036,34600.0,2025-07-30,2025-09-13,2025-09-15,overdue
INV00194,C001,179000.0,2024-09-11,2024-09-26,2024-09-23,paid
INV00195,C012,53200.0,2025-09-12,2025-10-12,2025-10-09,paid
INV00196,C030,85500.0,2025-04-06,2025-06-05,2025-06-01,paid
INV00197,C043,71400.0,2025-03-15,2025-04-29,2025-04-29,paid
INV00198,C021,20300.0,2025-09-16,2025-10-01,2025-09-30,paid
INV00199,C038,206000.0,2025-10-02,2025-11-01,2025-11-07,overdue
INV00200,C027,218400.0,2024-03-24,2024-04-23,2024-05-12,overdue
INV00201,C032,23500.0,2025-07-19,2025-08-03,2025-08-22,overdue
INV00202,C010,199600.0,2025-02-22,2025-04-23,2025-04-20,paid
INV00203,C015,140000.0,2024-10-25,2024-11-09,2024-11-04,paid
INV00204,C006,26000.0,2024-10-16,2024-12-15,2024-12-16,overdue
INV00205,C036,62600.0,2024-08-27,2024-10-11,2024-10-06,paid
INV00206,C011,48000.0,2025-08-26,2025-09-25,2025-09-21,paid
INV00207,C019,82800.0,2024-08-18,2024-09-17,2024-09-16,paid
INV00208,C019,26800.0,2024-03-14,2024-03-29,2024-04-03,overdue
INV00209,C014,22600.0,2024-11-10,2024-12-25,2024-12-22,paid
INV00210,C015,37200.0,2024-11-07,2025-01-06,2025-01-02,paid
INV00211,C046,14600.0,2025-07-06,2025-09-04,2025-08-31,paid
INV00212,C037,60300.0,2024-02-10,2024-04-10,2024-04-06,paid
INV00213,C029,55600.0,2024-09-13,2024-09-28,2024-10-16,overdue
INV00214,C030,198900.0,2025-08-12,2025-08-27,2025-08-22,paid
INV00215,C005,30200.0,2024-10-02,2024-10-17,2024-10-16,paid
INV00216,C036,255600.0,2025-04-26,2025-06-25,2025-06-24,paid
INV00217,C024,295500.0,2025-08-22,2025-10-21,2025-10-18,paid
INV00218,C018,36100.0,2024-04-03,2024-06-02,2024-05-31,paid
INV00219,C047,90500.0,2024-11-24,2024-12-09,2024-12-07,paid
INV00220,C035,488100.0,2025-02-25,2025-04-26,2025-04-23,paid
INV00221,C035,118000.0,2025-07-17,2025-08-01,2025-07-30,paid
INV00222,C026,55500.0,2024-09-15,2024-10-30,2024-11-06,overdue
INV00223,C015,15000.0,2025-02-17,2025-03-04,2025-02-28,paid
INV00224,C043,158000.0,2025-04-18,2025-06-17,2025-06-29,overdue
INV00225,C003,103500.0,2025-06-14,2025-07-29,2025-07-26,paid
INV00226,C035,228400.0,2025-10-02,2025-12-01,2025-11-30,paid
INV00227,C015,186700.0,2024-09-30,2024-10-30,2024-10-27,paid
INV00228,C037,411000.0,2025-05-11,2025-05-26,2025-06-09,overdue
INV00229,C002,18100.0,2025-10-07,2025-11-06,2025-11-04,paid
INV00230,C011,95700.0,2025-07-18,2025-08-02,2025-08-02,paid
INV00231,C030,64400.0,2024-08-18,2024-09-02,2024-09-02,paid
INV00232,C019,166300.0,2025-10-25,2025-11-24,2025-11-19,paid
INV00233,C019,143800.0,2024-10-25,2024-12-09,2024-12-06,paid
INV00234,C040,136200.0,2025-04-28,2025-05-28,2025-05-27,paid
INV00235,C021,15700.0,2025-01-27,2025-02-26,2025-02-22,paid
INV00236,C050,20100.0,2024-05-19,2024-06-03,2024-05-31,paid
INV00237,C018,232700.0,2024-12-14,2025-01-28,2025-01-26,paid
INV00238,C037,32800.0,2024-11-01,2024-12-31,2024-12-28,paid
INV00239,C024,50700.0,2025-07-05,2025-09-03,2025-08-30,paid
INV00240,C042,33300.0,2025-07-10,2025-09-08,2025-09-06,paid
INV00241,C001,45100.0,2024-07-12,2024-08-11,2024-08-10,paid
INV00242,C010,118500.0,2025-02-24,2025-03-11,2025-03-29,overdue
INV00243,C018,209700.0,2025-04-29,2025-06-28,2025-06-23,paid
INV00244,C003,51600.0,2025-10-29,2025-11-28,2025-11-28,paid
INV00245,C027,30900.0,2024-05-09,2024-06-23,2024-06-20,paid
INV00246,C021,21100.0,2024-04-12,2024-06-11,2024-06-24,overdue
INV00247,C019,15200.0,2024-05-27,2024-07-26,2024-07-25,paid
INV00248,C036,48700.0,2024-03-17,2024-05-16,2024-05-14,paid
INV00249,C034,25600.0,2024-12-12,2025-02-10,2025-02-08,paid
INV00250,C024,69200.0,2025-06-30,2025-08-29,2025-08-24,paid
INV00251,C023,180700.0,2025-05-14,2025-05-29,2025-05-28,paid
INV00252,C010,1110700.0,2025-10-08,2025-11-22,2025-11-17,paid
INV00253,C046,1169300.0,2024-04-02,2024-06-01,2024-05-27,paid
INV00254,C018,26100.0,2024-04-12,2024-06-11,2024-07-13,overdue
INV00255,C020,526700.0,2024-11-02,2024-11-17,2024-11-19,overdue
INV00256,C035,106800.0,2024-02-27,2024-04-12,2024-04-09,paid
INV00257,C047,55500.0,2024-05-29,2024-06-28,2024-06-24,paid
INV00258,C002,253300.0,2024-07-03,2024-08-02,2024-09-06,overdue
INV00259,C034,106500.0,2025-09-16,2025-11-15,2025-11-14,paid
INV00260,C033,445100.0,2025-05-24,2025-06-23,2025-07-13,overdue
INV00261,C016,19500.0,2025-10-15,2025-11-29,2025-11-24,paid
INV00262,C025,25500.0,2024-01-10,2024-03-10,2024-03-05,paid
INV00263,C012,374400.0,2025-07-13,2025-08-12,2025-08-13,overdue
INV00264,C020,26400.0,2024-12-19,2025-02-02,2025-01-30,paid
INV00265,C031,22100.0,2024-09-13,2024-11-12,2024-11-11,paid
INV00266,C015,89300.0,2025-01-28,2025-03-29,2025-04-02,overdue
INV00267,C048,58700.0,2025-01-25,2025-03-11,2025-03-06,paid
INV00268,C026,346300.0,2024-10-29,2024-11-13,2024-11-08,paid
INV00269,C013,235800.0,2025-02-09,2025-03-26,2025-03-28,overdue
INV00270,C049,52000.0,2024-02-20,2024-04-20,2024-04-18,paid
INV00271,C044,18000.0,2024-08-23,2024-10-07,2024-10-06,paid
INV00272,C005,42900.0,2025-09-27,2025-11-11,2025-11-06,paid
INV00273,C033,22000.0,2024-05-20,2024-06-04,2024-05-30,paid
INV00274,C049,43400.0,2024-02-10,2024-03-26,2024-03-26,paid
INV00275,C022,21000.0,2025-08-16,2025-09-30,2025-09-30,paid
INV00276,C043,203600.0,2024-10-29,2024-12-13,2024-12-12,paid
INV00277,C010,440600.0,2024-07-24,2024-08-23,2024-08-21,paid
INV00278,C049,21900.0,2025-06-27,2025-08-11,2025-08-09,paid
INV00279,C050,33500.0,2025-05-08,2025-06-22,2025-06-20,paid
INV00280,C049,49600.0,2024-04-27,2024-06-26,2024-06-25,paid
INV00281,C028,236000.0,2024-08-19,2024-10-18,2024-10-14,paid
INV00282,C016,108500.0,2025-01-09,2025-01-24,2025-01-24,paid
INV00283,C003,1503500.0,2024-09-27,2024-10-12,2024-10-07,paid
INV00284,C023,46000.0,2024-09-25,2024-11-24,2024-11-22,paid
INV00285,C003,366000.0,2024-04-20,2024-05-20,2024-05-16,paid
INV00286,C021,15100.0,2025-07-28,2025-09-11,2025-09-10,paid
INV00287,C012,407100.0,2025-10-25,2025-11-09,2025-11-06,paid
INV00288,C050,157000.0,2024-11-05,2025-01-04,2025-01-09,overdue
INV00289,C025,81600.0,2024-02-16,2024-03-02,2024-02-28,paid
INV00290,C012,58800.0,2024-04-28,2024-05-13,2024-05-09,paid
INV00291,C023,67000.0,2024-05-18,2024-07-17,2024-07-12,paid
INV00292,C035,84900.0,2025-07-07,2025-09-05,2025-08-31,paid
INV00293,C010,162400.0,2024-06-07,2024-08-06,2024-08-03,paid
INV00294,C015,25600.0,2025-09-22,2025-11-21,2025-11-19,paid
INV00295,C038,12100.0,2024-02-03,2024-03-19,2024-05-29,overdue
INV00296,C014,104700.0,2025-03-31,2025-04-30,2025-04-30,paid
INV00297,C004,14800.0,2025-01-11,2025-02-25,2025-03-08,overdue
INV00298,C011,310700.0,2024-10-09,2024-11-08,2024-11-05,paid
INV00299,C017,148000.0,2024-04-03,2024-05-03,2024-04-29,paid
INV00300,C048,18100.0,2024-01-22,2024-02-06,2024-02-05,paid
INV00301,C011,57200.0,2024-05-08,2024-06-07,2024-07-01,overdue
INV00302,C024,51200.0,2025-07-21,2025-08-20,2025-08-19,paid
INV00303,C030,57100.0,2024-12-02,2025-01-01,2024-12-28,paid
INV00304,C030,24500.0,2024-01-03,2024-02-17,2024-02-16,paid
INV00305,C008,137400.0,2024-05-13,2024-06-27,2024-06-27,paid
INV00306,C025,21900.0,2024-01-27,2024-02-26,2024-03-21,overdue
INV00307,C009,477000.0,2024-08-31,2024-10-15,2024-10-24,overdue
INV00308,C041,37600.0,2024-09-28,2024-10-13,2024-10-17,overdue
INV00309,C038,42600.0,2025-03-07,2025-03-22,2025-03-19,paid
INV00310,C048,183600.0,2025-04-04,2025-05-19,2025-05-19,paid
INV00311,C032,22100.0,2025-04-07,2025-05-07,2025-05-07,paid
INV00312,C035,36800.0,2025-06-17,2025-08-01,2025-08-01,paid
INV00313,C028,117700.0,2024-03-03,2024-05-02,2024-04-29,paid
INV00314,C021,24500.0,2024-04-20,2024-06-19,2024-06-16,paid
INV00315,C038,32900.0,2024-03-16,2024-03-31,2024-06-15,overdue
INV00316,C028,51900.0,2024-05-31,2024-06-15,2024-06-16,overdue
INV00317,C023,90300.0,2025-10-01,2025-11-15,2025-11-11,paid
INV00318,C001,128300.0,2025-06-27,2025-08-11,2025-08-07,paid
INV00319,C005,668500.0,2025-03-16,2025-03-31,2025-03-31,paid
INV00320,C005,95400.0,2025-11-01,2025-12-01,2025-11-30,paid
INV00321,C005,32700.0,2025-02-27,2025-04-13,2025-04-10,paid
INV00322,C014,458000.0,2025-03-01,2025-03-16,2025-03-14,paid
INV00323,C021,18200.0,2024-09-18,2024-11-02,2024-10-28,paid
INV00324,C022,570800.0,2025-04-30,2025-05-15,2025-05-29,overdue
INV00325,C035,95300.0,2024-03-28,2024-04-12,2024-04-07,paid
INV00326,C036,84800.0,2025-01-16,2025-02-15,2025-02-11,paid
INV00327,C001,168500.0,2025-07-29,2025-09-12,2025-09-09,paid
INV00328,C019,30600.0,2024-12-28,2025-02-26,2025-02-21,paid
INV00329,C020,38200.0,2024-02-22,2024-04-07,2024-04-05,paid
INV00330,C018,414100.0,2024-04-16,2024-05-16,2024-06-13,overdue
INV00331,C026,75600.0,2025-05-08,2025-06-07,2025-06-05,paid
INV00332,C004,514800.0,2025-07-23,2025-09-06,2025-09-22,overdue
INV00333,C043,35300.0,2024-10-12,2024-11-11,2024-11-07,paid
INV00334,C040,273000.0,2025-09-28,2025-10-13,2025-10-08,paid
INV00335,C044,39200.0,2024-09-30,2024-10-15,2024-11-05,overdue
INV00336,C011,33900.0,2024-11-12,2024-12-27,2025-01-06,overdue
INV00337,C037,39400.0,2024-07-04,2024-08-03,2024-07-31,paid
INV00338,C028,286300.0,2024-03-12,2024-04-11,2024-04-11,paid
INV00339,C001,46500.0,2024-04-03,2024-05-03,2024-04-30,paid
INV00340,C016,81000.0,2024-12-15,2025-01-14,2025-01-09,paid
INV00341,C023,158600.0,2024-11-28,2024-12-13,2024-12-12,paid
INV00342,C045,31900.0,2024-06-10,2024-06-25,2024-06-23,paid
INV00343,C024,45700.0,2025-03-29,2025-05-28,2025-05-25,paid
INV00344,C032,55000.0,2025-02-28,2025-04-14,2025-05-12,overdue
INV00345,C002,236400.0,2025-06-08,2025-06-23,2025-06-23,paid
INV00346,C043,555700.0,2024-10-17,2024-12-16,2024-12-14,paid
INV00347,C035,43400.0,2024-02-16,2024-03-17,2024-03-13,paid
INV00348,C046,69100.0,2024-02-26,2024-03-12,2024-03-14,overdue
INV00349,C050,132400.0,2024-08-04,2024-09-03,2024-09-01,paid
INV00350,C045,38900.0,2024-12-01,2024-12-16,2024-12-17,overdue
INV00351,C016,73400.0,2025-03-16,2025-04-15,2025-04-19,overdue
INV00352,C012,75700.0,2025-06-29,2025-07-29,2025-07-24,paid
INV00353,C011,32700.0,2024-12-28,2025-01-12,2025-03-04,overdue
INV00354,C005,103200.0,2024-02-13,2024-04-13,2024-04-17,overdue
INV00355,C040,138000.0,2024-03-20,2024-05-04,2024-04-30,paid
INV00356,C014,21100.0,2025-02-18,2025-04-19,2025-04-16,paid
INV00357,C005,286600.0,2024-01-22,2024-03-07,2024-04-03,overdue
INV00358,C017,120400.0,2025-09-24,2025-11-23,2025-11-21,paid
INV00359,C014,26400.0,2024-03-31,2024-05-30,2024-05-29,paid
INV00360,C036,174700.0,2025-03-22,2025-05-21,2025-05-18,paid
INV00361,C022,378000.0,2024-11-13,2024-12-28,2025-03-11,overdue
INV00362,C029,162000.0,2024-06-21,2024-07-06,2024-07-06,paid
INV00363,C005,20000.0,2025-06-27,2025-07-27,2025-07-25,paid
INV00364,C001,34300.0,2024-12-25,2025-01-24,2025-01-25,overdue
INV00365,C025,35700.0,2024-05-29,2024-07-13,2024-07-17,overdue
INV00366,C020,53800.0,2025-09-08,2025-10-08,2025-10-03,paid
INV00367,C045,45400.0,2024-03-18,2024-04-17,2024-04-12,paid
INV00368,C026,134700.0,2025-05-20,2025-07-19,2025-07-15,paid
INV00369,C030,99300.0,2025-04-04,2025-05-19,2025-05-14,paid
INV00370,C025,86100.0,2024-11-19,2024-12-19,2024-12-16,paid
INV00371,C022,74800.0,2025-03-28,2025-05-12,2025-05-08,paid
INV00372,C023,39100.0,2024-02-27,2024-04-12,2024-04-10,paid
INV00373,C036,24900.0,2025-04-17,2025-06-16,2025-06-26,overdue
INV00374,C040,17600.0,2025-01-12,2025-02-26,2025-02-27,overdue
INV00375,C017,105600.0,2024-04-02,2024-06-01,2024-05-28,paid
INV00376,C025,75500.0,2024-02-12,2024-04-12,2024-04-08,paid
INV00377,C003,12500.0,2025-10-29,2025-11-28,2025-12-02,overdue
INV00378,C043,100000.0,2024-06-03,2024-06-18,2024-06-16,paid
INV00379,C047,23400.0,2024-03-27,2024-04-26,2024-04-28,overdue
INV00380,C040,115100.0,2025-03-24,2025-05-23,2025-05-19,paid
INV00381,C013,150900.0,2024-06-11,2024-07-26,2024-07-24,paid
INV00382,C029,16700.0,2025-01-31,2025-04-01,2025-03-27,paid
INV00383,C018,61000.0,2025-09-04,2025-09-19,2025-09-14,paid
INV00384,C048,33600.0,2024-12-08,2024-12-23,2024-12-26,overdue
INV00385,C011,96700.0,2025-07-25,2025-09-23,2025-10-02,overdue
INV00386,C020,49900.0,2025-09-09,2025-10-09,2025-10-05,paid
INV00387,C034,65500.0,2024-05-24,2024-07-08,2024-07-03,paid
INV00388,C016,113200.0,2025-02-05,2025-03-07,2025-03-07,paid
INV00389,C025,51800.0,2024-11-13,2025-01-12,2025-01-10,paid
INV00390,C002,150200.0,2024-05-10,2024-05-25,2024-05-22,paid
INV00391,C010,114400.0,2025-06-04,2025-07-19,2025-08-05,overdue
INV00392,C005,43200.0,2024-11-12,2024-12-12,2024-12-10,paid
INV00393,C030,121600.0,2025-05-12,2025-06-11,2025-07-28,overdue
INV00394,C028,250300.0,2024-05-20,2024-06-19,2024-07-11,overdue
INV00395,C025,33000.0,2024-04-13,2024-04-28,2024-04-24,paid
INV00396,C021,44500.0,2024-05-14,2024-07-13,2024-09-22,overdue
INV00397,C033,89000.0,2024-07-04,2024-08-03,2024-08-03,paid
INV00398,C036,56500.0,2025-02-24,2025-04-10,2025-04-09,paid
INV00399,C012,11100.0,2025-03-30,2025-05-14,2025-05-11,paid
INV00400,C045,39500.0,2024-08-27,2024-09-26,2024-09-23,paid
INV00401,C029,95400.0,2024-07-17,2024-08-31,2024-08-27,paid
INV00402,C038,236500.0,2025-03-27,2025-05-26,2025-05-23,paid
INV00403,C018,37800.0,2025-05-29,2025-07-28,2025-07-27,paid
INV00404,C038,231600.0,2025-09-11,2025-10-11,2025-10-11,paid
INV00405,C004,207100.0,2025-10-18,2025-12-17,2025-12-13,paid
INV00406,C022,38300.0,2025-06-12,2025-06-27,2025-07-24,overdue
INV00407,C043,120200.0,2024-06-13,2024-07-28,2024-07-24,paid
INV00408,C018,201800.0,2024-05-30,2024-07-29,2024-08-08,overdue
INV00409,C006,47100.0,2024-08-15,2024-10-14,2024-10-14,paid
INV00410,C015,143200.0,2025-02-28,2025-03-15,2025-03-13,paid
INV00411,C048,567800.0,2024-08-29,2024-10-28,2024-10-26,paid
INV00412,C044,35600.0,2024-08-17,2024-09-01,2024-09-01,paid
INV00413,C002,25700.0,2025-10-27,2025-12-11,,pending
INV00414,C025,191700.0,2025-04-28,2025-05-28,2025-05-25,paid
INV00415,C019,64500.0,2025-04-04,2025-04-19,2025-04-19,paid
INV00416,C025,234900.0,2024-09-19,2024-10-19,2024-10-15,paid
INV00417,C027,23100.0,2025-09-15,2025-11-14,,pending
INV00418,C027,361700.0,2024-11-04,2024-11-19,2024-11-20,overdue
INV00419,C002,64900.0,2025-03-05,2025-05-04,2025-05-23,overdue
INV00420,C029,173700.0,2025-05-26,2025-06-10,2025-06-06,paid
INV00421,C003,31600.0,2024-09-04,2024-10-04,2024-10-28,overdue
INV00422,C005,119200.0,2024-01-02,2024-02-16,2024-04-13,overdue
INV00423,C020,111800.0,2025-03-02,2025-04-01,2025-04-01,paid
INV00424,C031,87700.0,2025-06-20,2025-08-04,2025-08-11,overdue
INV00425,C007,236700.0,2025-06-22,2025-07-07,2025-07-13,overdue
INV00426,C047,65100.0,2025-04-26,2025-05-11,2025-05-09,paid
INV00427,C007,56000.0,2024-09-16,2024-10-01,2024-10-16,overdue
INV00428,C037,351100.0,2024-03-10,2024-04-24,2024-05-11,overdue
INV00429,C016,47700.0,2025-10-05,2025-10-20,2025-10-15,paid
INV00430,C039,35600.0,2024-12-06,2025-01-05,2025-02-06,overdue
INV00431,C026,81400.0,2025-07-13,2025-08-27,2025-08-26,paid
INV00432,C041,40500.0,2025-04-20,2025-06-19,2025-06-18,paid
INV00433,C030,26700.0,2024-03-05,2024-05-04,2024-05-05,overdue
INV00434,C039,42800.0,2024-07-25,2024-08-09,2024-08-09,paid
INV00435,C043,52300.0,2024-11-19,2025-01-03,2024-12-30,paid
INV00436,C015,109300.0,2025-04-29,2025-06-13,2025-06-22,overdue
INV00437,C032,15500.0,2025-10-24,2025-11-23,2025-11-23,paid
INV00438,C042,72100.0,2024-12-05,2025-01-19,2025-01-28,overdue
INV00439,C014,23400.0,2025-01-11,2025-03-12,2025-03-07,paid
INV00440,C050,25200.0,2025-03-26,2025-05-25,2025-05-24,paid
INV00441,C027,56100.0,2025-05-23,2025-07-22,2025-07-18,paid
INV00442,C030,30600.0,2024-09-30,2024-10-15,2024-10-15,paid
INV00443,C003,445200.0,2025-03-16,2025-04-15,2025-04-13,paid
INV00444,C038,171900.0,2024-04-15,2024-04-30,2024-05-08,overdue
INV00445,C028,115100.0,2024-10-29,2024-12-13,2024-12-08,paid
INV00446,C018,234900.0,2025-03-12,2025-04-11,2025-04-09,paid
INV00447,C027,64300.0,2025-04-02,2025-04-17,2025-04-15,paid
INV00448,C020,156100.0,2025-09-21,2025-11-20,2025-11-20,paid
INV00449,C008,48100.0,2024-03-17,2024-05-16,2024-05-11,paid
INV00450,C017,27900.0,2024-06-12,2024-06-27,2024-07-18,overdue
INV00451,C023,52900.0,2025-09-14,2025-11-13,2025-11-24,overdue
INV00452,C028,101500.0,2024-03-09,2024-04-08,2024-04-06,paid
INV00453,C035,88200.0,2025-01-05,2025-03-06,2025-03-06,paid
INV00454,C009,140700.0,2025-09-11,2025-10-11,2025-10-09,paid
INV00455,C041,123700.0,2025-01-15,2025-03-16,2025-03-12,paid
INV00456,C045,113600.0,2024-05-20,2024-07-04,2024-06-29,paid
INV00457,C019,628300.0,2024-10-12,2024-11-11,2024-11-11,paid
INV00458,C015,32700.0,2024-07-09,2024-09-07,2024-09-03,paid
INV00459,C014,136400.0,2024-04-30,2024-06-14,2024-06-09,paid
INV00460,C049,118000.0,2025-04-01,2025-05-01,2025-04-29,paid
INV00461,C029,340300.0,2025-05-17,2025-06-16,2025-07-14,overdue
INV00462,C033,62400.0,2024-03-16,2024-05-15,2024-06-14,overdue
INV00463,C012,28500.0,2025-03-31,2025-04-15,2025-04-13,paid
INV00464,C034,27900.0,2024-12-21,2025-01-05,2025-01-03,paid
INV00465,C012,34400.0,2024-11-03,2024-12-03,2024-11-28,paid
INV00466,C009,77500.0,2025-10-15,2025-11-14,2025-11-10,paid
INV00467,C039,138100.0,2024-08-17,2024-09-01,2024-08-31,paid
INV00468,C048,64400.0,2024-08-30,2024-10-29,2024-12-16,overdue
INV00469,C024,410300.0,2025-07-21,2025-09-04,2025-08-31,paid
INV00470,C003,25300.0,2024-05-12,2024-05-27,2024-06-18,overdue
INV00471,C019,35500.0,2025-02-11,2025-04-12,2025-04-09,paid
INV00472,C032,25000.0,2025-08-11,2025-08-26,2025-09-16,overdue
INV00473,C043,14100.0,2024-11-20,2024-12-05,2024-11-30,paid
INV00474,C037,384900.0,2025-06-13,2025-07-28,2025-08-08,overdue
INV00475,C042,75000.0,2025-07-18,2025-08-17,2025-08-16,paid
INV00476,C013,32400.0,2025-03-19,2025-04-03,2025-03-30,paid
INV00477,C004,27600.0,2024-06-05,2024-07-20,2024-09-04,overdue
INV00478,C026,518400.0,2024-11-26,2024-12-26,2024-12-22,paid
INV00479,C049,44800.0,2024-10-17,2024-11-01,2024-12-14,overdue
INV00480,C001,969800.0,2025-10-12,2025-11-26,2025-11-27,overdue
INV00481,C042,37800.0,2024-11-06,2024-11-21,2024-11-20,paid
INV00482,C034,59400.0,2025-08-29,2025-09-28,2025-09-29,overdue
INV00483,C042,24100.0,2025-10-01,2025-11-15,2025-11-11,paid
INV00484,C024,435800.0,2024-02-12,2024-02-27,2024-03-01,overdue
INV00485,C037,36100.0,2025-10-18,2025-12-02,2025-11-28,paid
INV00486,C002,236600.0,2025-03-02,2025-03-17,2025-03-12,paid
INV00487,C024,71200.0,2025-07-12,2025-08-26,2025-08-24,paid
INV00488,C023,26300.0,2025-05-09,2025-06-08,2025-06-03,paid
INV00489,C022,15600.0,2025-02-19,2025-04-05,2025-03-31,paid
INV00490,C018,39900.0,2024-03-02,2024-04-01,2024-03-29,paid
INV00491,C048,62400.0,2025-04-20,2025-05-20,2025-05-27,overdue
INV00492,C019,56500.0,2024-05-27,2024-07-11,2024-07-09,paid
INV00493,C043,147600.0,2024-12-19,2025-02-17,2025-03-12,overdue
INV00494,C016,152800.0,2025-01-14,2025-01-29,2025-03-06,overdue
INV00495,C044,30800.0,2025-04-22,2025-05-07,2025-05-06,paid
INV00496,C030,35400.0,2024-05-24,2024-06-08,2024-06-28,overdue
INV00497,C018,174300.0,2025-01-28,2025-03-29,2025-04-25,overdue
INV00498,C046,271600.0,2024-06-12,2024-07-27,2024-07-22,paid
INV00499,C049,64300.0,2024-11-16,2024-12-16,2024-12-13,paid
INV00500,C011,177400.0,2025-06-11,2025-08-10,2025-08-08,paid
INV00501,C010,50200.0,2025-05-24,2025-06-08,2025-07-17,overdue
INV00502,C007,84500.0,2025-02-06,2025-04-07,2025-04-06,paid
INV00503,C047,40800.0,2025-08-20,2025-10-04,2025-10-06,overdue
INV00504,C001,43400.0,2024-10-15,2024-12-14,2024-12-09,paid
INV00505,C014,57300.0,2025-04-26,2025-06-10,2025-06-10,paid
INV00506,C010,29700.0,2025-03-17,2025-04-16,2025-04-11,paid
INV00507,C035,34800.0,2025-01-09,2025-03-10,2025-03-07,paid
INV00508,C008,187500.0,2024-02-22,2024-03-23,2024-03-21,paid
INV00509,C037,90600.0,2024-03-16,2024-05-15,2024-05-11,paid
INV00510,C046,51700.0,2024-10-13,2024-10-28,2024-11-08,overdue
INV00511,C021,52400.0,2024-04-09,2024-06-08,2024-06-06,paid
INV00512,C037,26600.0,2025-07-25,2025-09-08,2025-09-07,paid
INV00513,C030,225700.0,2025-09-08,2025-11-07,2025-11-07,paid
INV00514,C044,109600.0,2024-02-09,2024-03-10,2024-03-07,paid
INV00515,C034,41800.0,2025-06-15,2025-08-14,2025-08-27,overdue
INV00516,C004,117200.0,2025-06-11,2025-07-11,2025-07-07,paid
INV00517,C008,16400.0,2024-11-22,2024-12-22,2024-12-18,paid
INV00518,C030,33900.0,2024-11-02,2024-12-17,2024-12-13,paid
INV00519,C041,135100.0,2025-06-29,2025-08-28,2025-08-26,paid
INV00520,C025,48900.0,2025-05-01,2025-05-16,2025-05-11,paid
INV00521,C026,67200.0,2024-04-22,2024-06-21,2024-06-16,paid
INV00522,C018,170400.0,2025-10-06,2025-10-21,2025-10-19,paid
INV00523,C012,246100.0,2025-08-15,2025-09-14,2025-09-10,paid
INV00524,C029,217700.0,2025-05-06,2025-06-05,2025-05-31,paid
INV00525,C048,470400.0,2025-09-26,2025-11-25,2025-11-30,overdue
INV00526,C044,3953500.0,2024-09-05,2024-09-20,2024-09-15,paid
INV00527,C007,14100.0,2024-04-22,2024-05-22,2024-06-05,overdue
INV00528,C027,154200.0,2024-11-17,2025-01-16,2025-03-11,overdue
INV00529,C037,137800.0,2024-07-27,2024-09-25,2024-09-21,paid
INV00530,C047,127600.0,2025-04-27,2025-05-12,2025-05-08,paid
INV00531,C018,229300.0,2024-07-31,2024-09-14,2024-09-11,paid
INV00532,C021,20100.0,2025-06-22,2025-08-21,2025-08-20,paid
INV00533,C035,69300.0,2025-04-15,2025-05-30,2025-05-25,paid
INV00534,C050,82800.0,2025-10-20,2025-12-04,2025-12-03,paid
INV00535,C031,22400.0,2024-10-12,2024-11-26,2024-11-24,paid
INV00536,C046,14300.0,2024-10-22,2024-11-21,2024-11-18,paid
INV00537,C027,19400.0,2024-11-20,2025-01-19,2025-01-14,paid
INV00538,C043,105200.0,2024-10-07,2024-11-21,2025-02-19,overdue
INV00539,C019,81200.0,2025-07-10,2025-09-08,2025-09-05,paid
INV00540,C005,41000.0,2024-12-19,2025-01-18,2025-02-17,overdue
INV00541,C017,446300.0,2024-10-21,2024-11-05,2024-11-02,paid
INV00542,C035,42700.0,2024-09-19,2024-11-18,2024-11-14,paid
INV00543,C022,65900.0,2024-10-04,2024-11-18,2024-11-29,overdue
INV00544,C043,383100.0,2025-09-22,2025-10-22,2025-11-25,overdue
INV00545,C050,17700.0,2025-06-27,2025-07-27,2025-07-27,paid
INV00546,C039,137200.0,2024-04-12,2024-06-11,2024-06-08,paid
INV00547,C036,43300.0,2024-04-12,2024-05-12,2024-06-14,overdue
INV00548,C016,72000.0,2025-07-17,2025-08-16,2025-08-13,paid
INV00549,C022,73600.0,2025-05-03,2025-06-02,2025-05-31,paid
INV00550,C028,78000.0,2024-11-24,2025-01-08,2025-01-08,paid
INV00551,C007,155600.0,2025-10-29,2025-11-28,2025-11-23,paid
INV00552,C035,34700.0,2024-02-08,2024-03-09,2024-03-08,paid
INV00553,C031,51400.0,2024-02-07,2024-04-07,2024-04-06,paid
INV00554,C043,127200.0,2024-10-23,2024-11-07,2024-12-23,overdue
INV00555,C049,84000.0,2025-08-04,2025-08-19,2025-08-17,paid
INV00556,C022,37100.0,2024-10-18,2024-12-17,2024-12-13,paid
INV00557,C007,21400.0,2025-06-20,2025-08-19,2025-08-18,paid
INV00558,C036,32700.0,2025-05-31,2025-07-30,2025-07-30,paid
INV00559,C041,49300.0,2024-12-04,2025-01-03,2024-12-29,paid
INV00560,C030,205100.0,2024-09-20,2024-10-20,2024-10-28,overdue
INV00561,C046,34500.0,2024-12-11,2025-01-25,2025-01-24,paid
INV00562,C049,249500.0,2024-06-28,2024-08-27,2024-08-23,paid
INV00563,C013,61100.0,2024-12-01,2024-12-16,2024-12-16,paid
INV00564,C023,47900.0,2024-07-08,2024-08-07,2024-08-06,paid
INV00565,C032,157200.0,2024-01-07,2024-02-21,2024-02-18,paid
INV00566,C050,49300.0,2024-09-30,2024-11-14,2024-11-09,paid
INV00567,C036,21700.0,2025-08-09,2025-08-24,2025-08-22,paid
INV00568,C036,48400.0,2024-08-29,2024-09-13,2024-09-10,paid
INV00569,C008,142700.0,2024-11-10,2024-12-10,2024-12-06,paid
INV00570,C007,86700.0,2024-11-14,2024-11-29,2024-11-27,paid
INV00571,C012,54400.0,2025-01-11,2025-02-10,2025-02-09,paid
INV00572,C047,28400.0,2025-05-04,2025-06-03,2025-05-30,paid
INV00573,C027,184600.0,2025-01-17,2025-03-18,2025-03-15,paid
INV00574,C027,77000.0,2025-07-04,2025-08-03,2025-07-29,paid
INV00575,C010,56200.0,2025-09-02,2025-09-17,2025-09-13,paid
INV00576,C016,632200.0,2025-01-05,2025-01-20,2025-01-20,paid
INV00577,C025,54900.0,2024-03-04,2024-04-03,2024-04-02,paid
INV00578,C018,193000.0,2024-06-17,2024-08-01,2024-07-29,paid
INV00579,C024,29900.0,2024-04-29,2024-05-29,2024-05-26,paid
INV00580,C011,107500.0,2024-04-03,2024-06-02,2024-05-30,paid
INV00581,C022,217300.0,2024-05-15,2024-07-14,2024-07-14,paid
INV00582,C029,45300.0,2025-07-26,2025-09-24,2025-09-22,paid
INV00583,C038,67500.0,2024-01-23,2024-03-23,2024-05-17,overdue
INV00584,C045,36000.0,2024-01-04,2024-02-03,2024-02-03,paid
INV00585,C010,293500.0,2025-03-09,2025-04-23,2025-04-19,paid
INV00586,C022,16800.0,2024-03-02,2024-03-17,2024-03-14,paid
INV00587,C007,166700.0,2024-02-02,2024-03-18,2024-03-17,paid
INV00588,C020,139600.0,2025-10-18,2025-12-17,2025-12-14,paid
INV00589,C049,103200.0,2025-01-21,2025-03-22,2025-03-31,overdue
INV00590,C047,41200.0,2025-07-06,2025-08-05,2025-08-03,paid
INV00591,C024,113300.0,2024-05-01,2024-05-31,2024-05-28,paid
INV00592,C012,55100.0,2025-06-25,2025-07-25,2025-07-24,paid
INV00593,C010,35800.0,2024-01-04,2024-01-19,2024-01-16,paid
INV00594,C039,4282700.0,2025-07-11,2025-09-09,2025-09-08,paid
INV00595,C014,83600.0,2024-09-10,2024-11-09,2024-11-07,paid
INV00596,C020,121700.0,2024-07-12,2024-07-27,2024-08-01,overdue
INV00597,C035,110500.0,2025-03-05,2025-03-20,2025-03-20,paid
INV00598,C020,258900.0,2024-04-13,2024-04-28,2024-04-23,paid
INV00599,C044,93300.0,2024-02-19,2024-03-20,2024-03-17,paid
INV00600,C047,45500.0,2025-03-25,2025-04-24,2025-04-24,paid
INV00601,C010,124400.0,2024-05-23,2024-07-07,2024-07-14,overdue
INV00602,C034,460100.0,2025-08-12,2025-09-26,2025-09-21,paid
INV00603,C008,24100.0,2024-11-24,2024-12-24,2024-12-23,paid
INV00604,C043,13200.0,2025-06-17,2025-07-17,2025-09-10,overdue
INV00605,C028,29800.0,2024-10-08,2024-10-23,2024-10-19,paid
INV00606,C048,64900.0,2024-06-28,2024-08-27,2024-08-27,paid
INV00607,C044,126500.0,2024-12-18,2025-02-16,2025-02-14,paid
INV00608,C015,140100.0,2025-03-02,2025-05-01,2025-06-23,overdue
INV00609,C050,65300.0,2025-01-20,2025-02-19,2025-02-16,paid
INV00610,C027,44300.0,2024-09-03,2024-10-03,2024-10-13,overdue
INV00611,C008,141200.0,2024-05-27,2024-07-26,2024-07-22,paid
INV00612,C024,21800.0,2025-02-26,2025-04-27,2025-04-26,paid
INV00613,C017,393200.0,2025-02-01,2025-03-03,2025-03-01,paid
INV00614,C038,270300.0,2025-10-24,2025-11-08,2025-11-06,paid
INV00615,C040,30600.0,2024-04-04,2024-05-04,2024-05-07,overdue
INV00616,C006,21000.0,2025-01-21,2025-02-05,2025-02-04,paid
INV00617,C040,173300.0,2025-08-24,2025-09-23,2025-09-21,paid
INV00618,C019,207600.0,2024-11-06,2024-11-21,2025-01-25,overdue
INV00619,C004,58700.0,2024-07-13,2024-07-28,2024-07-25,paid
INV00620,C002,100000.0,2024-09-05,2024-10-05,2024-10-04,paid
INV00621,C005,177400.0,2025-07-19,2025-09-02,2025-08-30,paid
INV00622,C025,384200.0,2025-04-22,2025-06-06,2025-06-04,paid
INV00623,C025,220400.0,2025-06-09,2025-08-08,2025-08-03,paid
INV00624,C025,66000.0,2025-04-25,2025-06-09,2025-06-07,paid
INV00625,C045,223500.0,2024-11-16,2025-01-15,2025-01-17,overdue
INV00626,C044,148100.0,2024-08-14,2024-09-13,2024-09-17,overdue
INV00627,C031,284500.0,2025-07-20,2025-09-18,2025-09-17,paid
INV00628,C012,94600.0,2024-12-03,2025-01-02,2025-01-01,paid
INV00629,C034,94400.0,2025-05-26,2025-07-10,2025-07-07,paid
INV00630,C045,35800.0,2025-10-19,2025-12-18,2025-12-13,paid
INV00631,C002,71700.0,2024-06-22,2024-07-22,2024-07-19,paid
INV00632,C020,24800.0,2024-07-07,2024-07-22,2024-07-22,paid
INV00633,C045,235600.0,2024-02-19,2024-03-05,2024-02-29,paid
INV00634,C027,73200.0,2024-08-24,2024-09-08,2024-09-08,paid
INV00635,C047,37600.0,2024-08-11,2024-10-10,2024-10-06,paid
INV00636,C045,25600.0,2025-10-15,2025-12-14,,pending
INV00637,C037,148000.0,2025-07-18,2025-09-16,2025-09-26,overdue
INV00638,C006,521400.0,2025-06-26,2025-08-10,2025-08-08,paid
INV00639,C022,24500.0,2024-01-18,2024-03-18,2024-03-17,paid
INV00640,C044,169500.0,2024-04-19,2024-05-04,2024-05-03,paid
INV00641,C047,82000.0,2024-07-15,2024-08-29,2024-08-27,paid
INV00642,C026,106300.0,2025-02-10,2025-02-25,2025-02-22,paid
INV00643,C007,176800.0,2025-04-15,2025-05-15,2025-05-14,paid
INV00644,C007,50700.0,2024-11-03,2024-11-18,2024-11-13,paid
INV00645,C037,145700.0,2024-02-02,2024-02-17,2024-02-14,paid
INV00646,C045,32200.0,2025-07-19,2025-09-17,2025-09-23,overdue
INV00647,C040,18700.0,2024-01-10,2024-02-09,2024-02-10,overdue
INV00648,C012,64700.0,2025-03-20,2025-05-04,2025-05-04,paid
INV00649,C006,20200.0,2025-06-24,2025-07-09,2025-07-04,paid
INV00650,C028,49100.0,2025-08-03,2025-10-02,2025-10-02,paid
INV00651,C047,82200.0,2024-10-14,2024-10-29,2024-12-23,overdue
INV00652,C013,63100.0,2024-11-18,2024-12-03,2024-11-29,paid
INV00653,C030,401700.0,2024-05-27,2024-07-26,2024-07-24,paid
INV00654,C008,29900.0,2024-06-15,2024-07-15,2024-07-12,paid
INV00655,C050,12200.0,2025-07-07,2025-08-21,2025-08-16,paid
INV00656,C014,105400.0,2024-05-23,2024-06-07,2024-06-05,paid
INV00657,C032,81000.0,2024-02-24,2024-03-10,2024-03-10,paid
INV00658,C040,149200.0,2024-12-14,2025-02-12,2025-02-10,paid
INV00659,C030,326200.0,2024-01-31,2024-03-16,2024-03-13,paid
INV00660,C049,36400.0,2025-05-17,2025-06-16,2025-06-23,overdue
INV00661,C034,131100.0,2025-01-19,2025-03-20,2025-03-16,paid
INV00662,C004,50800.0,2025-01-24,2025-02-08,2025-02-06,paid
INV00663,C048,40200.0,2024-09-09,2024-09-24,2024-09-29,overdue
INV00664,C017,708800.0,2024-06-06,2024-08-05,2024-07-31,paid
INV00665,C032,54600.0,2024-06-06,2024-08-05,2024-08-05,paid
INV00666,C024,26000.0,2024-04-03,2024-04-18,2024-04-15,paid
INV00667,C018,385600.0,2025-01-03,2025-02-17,2025-02-23,overdue
INV00668,C041,345300.0,2024-03-30,2024-04-29,2024-04-25,paid
INV00669,C030,853900.0,2025-07-22,2025-09-20,2025-09-30,overdue
INV00670,C026,42500.0,2024-04-01,2024-05-16,2024-05-12,paid
INV00671,C001,316300.0,2025-09-04,2025-10-19,2025-10-19,paid
INV00672,C025,30700.0,2024-10-25,2024-12-24,2024-12-24,paid
INV00673,C008,163300.0,2025-07-26,2025-08-25,2025-08-24,paid
INV00674,C050,17900.0,2025-01-24,2025-02-23,2025-02-24,overdue
INV00675,C002,25300.0,2024-11-04,2024-12-19,2024-12-19,paid
INV00676,C021,57400.0,2024-06-20,2024-08-19,2024-08-21,overdue
INV00677,C017,133200.0,2024-11-02,2025-01-01,2024-12-30,paid
INV00678,C030,190700.0,2024-09-14,2024-10-14,2024-10-11,paid
INV00679,C009,52500.0,2025-08-31,2025-09-30,2025-09-29,paid
INV00680,C013,335800.0,2024-11-07,2024-11-22,2024-11-20,paid
INV00681,C025,33700.0,2025-09-27,2025-11-26,2025-11-24,paid
INV00682,C021,32800.0,2025-03-26,2025-05-10,2025-05-05,paid
INV00683,C020,33200.0,2025-08-31,2025-09-30,2025-09-26,paid
INV00684,C004,38400.0,2024-07-24,2024-09-22,2024-09-19,paid
INV00685,C009,275600.0,2024-11-22,2025-01-06,2025-01-01,paid
INV00686,C020,27300.0,2025-05-17,2025-06-16,2025-06-14,paid
INV00687,C020,228200.0,2025-02-06,2025-03-23,2025-03-24,overdue
INV00688,C001,79100.0,2025-07-31,2025-08-30,2025-08-26,paid
INV00689,C014,90900.0,2024-07-03,2024-07-18,2024-07-15,paid
INV00690,C042,102900.0,2024-08-02,2024-10-01,2024-09-26,paid
INV00691,C014,84900.0,2024-03-11,2024-05-10,2024-05-09,paid
INV00692,C008,237600.0,2025-10-10,2025-11-24,2025-11-19,paid
INV00693,C005,157200.0,2024-06-06,2024-08-05,2024-08-05,paid
INV00694,C011,43800.0,2025-04-04,2025-06-03,2025-05-30,paid
INV00695,C006,67800.0,2025-06-02,2025-08-01,2025-07-30,paid
INV00696,C026,22100.0,2025-07-03,2025-07-18,2025-07-20,overdue
INV00697,C043,116600.0,2024-09-11,2024-10-26,2024-11-19,overdue
INV00698,C039,142000.0,2025-09-19,2025-10-04,2025-09-29,paid
INV00699,C002,131400.0,2025-10-24,2025-12-23,2025-12-21,paid
INV00700,C038,29000.0,2025-03-16,2025-03-31,2025-05-18,overdue
INV00701,C015,30800.0,2024-09-21,2024-10-21,2024-10-17,paid
INV00702,C040,27900.0,2025-07-25,2025-08-24,2025-08-21,paid
INV00703,C021,23800.0,2025-04-19,2025-05-19,2025-05-19,paid
INV00704,C009,200800.0,2025-05-09,2025-05-24,2025-05-24,paid
INV00705,C016,33000.0,2024-04-28,2024-05-28,2024-05-26,paid
INV00706,C043,42300.0,2025-04-11,2025-05-11,2025-05-09,paid
INV00707,C030,100700.0,2025-05-02,2025-05-17,2025-05-12,paid
INV00708,C003,33600.0,2025-04-08,2025-05-23,2025-06-04,overdue
INV00709,C040,63400.0,2024-02-15,2024-03-01,2024-03-05,overdue
INV00710,C004,22600.0,2024-12-17,2025-01-01,2024-12-31,paid
INV00711,C006,54400.0,2024-09-06,2024-10-06,2024-10-04,paid
INV00712,C047,390500.0,2025-07-27,2025-09-25,2025-09-24,paid
INV00713,C028,193800.0,2025-02-18,2025-03-20,2025-03-29,overdue
INV00714,C037,88400.0,2025-03-18,2025-05-17,2025-07-01,overdue
INV00715,C030,129800.0,2025-09-20,2025-10-20,2025-10-17,paid
INV00716,C024,36900.0,2025-02-02,2025-02-17,2025-02-16,paid
INV00717,C004,121200.0,2024-10-12,2024-10-27,2024-10-23,paid
INV00718,C009,385400.0,2024-07-10,2024-08-24,2024-08-21,paid
INV00719,C005,105700.0,2024-04-26,2024-06-10,2024-06-07,paid
INV00720,C035,27000.0,2025-06-24,2025-08-08,2025-08-04,paid
INV00721,C018,80600.0,2025-02-05,2025-02-20,2025-02-17,paid
INV00722,C033,377100.0,2025-09-24,2025-10-24,2025-10-19,paid
INV00723,C023,1545900.0,2024-10-31,2024-11-15,2024-11-13,paid
INV00724,C006,325700.0,2024-04-30,2024-05-30,2024-05-29,paid
INV00725,C004,92500.0,2025-01-17,2025-02-16,2025-02-13,paid
INV00726,C021,290400.0,2025-09-02,2025-10-02,2025-09-29,paid
INV00727,C043,33200.0,2024-07-09,2024-09-07,2024-09-02,paid
INV00728,C014,100000.0,2025-10-22,2025-11-21,2025-11-18,paid
INV00729,C019,53700.0,2024-10-22,2024-11-21,2024-11-30,overdue
INV00730,C048,251800.0,2025-04-06,2025-04-21,2025-04-21,paid
INV00731,C039,33600.0,2025-05-11,2025-06-10,2025-06-19,overdue
INV00732,C037,252700.0,2025-01-28,2025-03-29,2025-03-26,paid
INV00733,C046,6484300.0,2025-03-01,2025-04-30,2025-04-30,paid
INV00734,C004,964400.0,2025-08-01,2025-08-16,2025-08-15,paid
INV00735,C032,89300.0,2024-10-26,2024-11-10,2024-11-06,paid
INV00736,C002,43200.0,2024-10-22,2024-11-21,2024-11-17,paid
INV00737,C023,81300.0,2025-05-22,2025-06-06,2025-06-04,paid
INV00738,C008,62000.0,2025-07-10,2025-08-24,2025-08-24,paid
INV00739,C012,55600.0,2025-03-27,2025-04-26,2025-04-26,paid
INV00740,C050,23000.0,2025-10-31,2025-11-30,2025-11-30,paid
INV00741,C015,41400.0,2025-04-05,2025-05-20,2025-05-20,paid
INV00742,C035,537900.0,2025-03-25,2025-04-09,2025-04-08,paid
INV00743,C029,15900.0,2024-08-02,2024-09-16,2024-09-12,paid
INV00744,C013,68300.0,2025-10-09,2025-12-08,,pending
INV00745,C045,26800.0,2024-07-30,2024-08-29,2024-08-25,paid
INV00746,C007,85000.0,2024-12-25,2025-02-08,2025-02-07,paid
INV00747,C043,26500.0,2024-11-27,2025-01-11,2025-01-17,overdue
INV00748,C043,41400.0,2024-09-30,2024-10-15,2024-11-09,overdue
INV00749,C003,277900.0,2025-02-25,2025-03-12,2025-03-07,paid
INV00750,C020,154700.0,2024-05-09,2024-06-08,2024-06-22,overdue
INV00751,C044,804500.0,2024-11-25,2024-12-25,2024-12-20,paid
INV00752,C022,36200.0,2025-02-06,2025-04-07,2025-04-24,overdue
INV00753,C022,32400.0,2025-10-09,2025-11-23,2025-11-20,paid
INV00754,C028,41600.0,2025-04-07,2025-04-22,2025-04-22,paid
INV00755,C008,20200.0,2025-02-16,2025-04-02,2025-03-31,paid
INV00756,C017,43800.0,2025-04-10,2025-06-09,2025-06-09,paid
INV00757,C035,29200.0,2024-04-05,2024-06-04,2024-05-30,paid
INV00758,C042,17900.0,2025-01-01,2025-01-16,2025-01-13,paid
INV00759,C050,234400.0,2024-08-11,2024-10-10,2024-10-07,paid
INV00760,C018,53400.0,2024-10-01,2024-11-15,2024-11-13,paid
INV00761,C034,41500.0,2025-07-14,2025-08-13,2025-08-10,paid
INV00762,C022,132500.0,2024-12-17,2025-01-01,2025-01-22,overdue
INV00763,C001,28300.0,2025-10-03,2025-12-02,2026-01-04,overdue
INV00764,C008,36400.0,2024-06-10,2024-08-09,2024-08-06,paid
INV00765,C049,164100.0,2024-07-26,2024-08-25,2024-08-23,paid
INV00766,C037,71100.0,2024-06-11,2024-07-26,2024-08-07,overdue
INV00767,C021,63400.0,2025-01-04,2025-02-18,2025-03-21,overdue
INV00768,C034,33100.0,2025-10-26,2025-11-25,2025-12-06,overdue
INV00769,C025,130900.0,2024-08-27,2024-10-26,2024-10-21,paid
INV00770,C021,141700.0,2024-04-07,2024-04-22,2024-06-04,overdue
INV00771,C016,67000.0,2024-03-20,2024-04-19,2024-04-15,paid
INV00772,C033,67600.0,2025-03-31,2025-04-15,2025-04-21,overdue
INV00773,C017,82500.0,2024-12-17,2025-01-01,2024-12-29,paid
INV00774,C034,116000.0,2024-05-15,2024-07-14,2024-07-28,overdue
INV00775,C035,56700.0,2025-01-27,2025-02-11,2025-02-11,paid
INV00776,C046,69600.0,2024-04-15,2024-05-30,2024-05-28,paid
INV00777,C028,151700.0,2024-05-20,2024-07-19,2024-07-18,paid
INV00778,C004,19200.0,2025-10-18,2025-11-17,2025-12-10,overdue
INV00779,C024,527800.0,2025-09-16,2025-10-16,2025-10-11,paid
INV00780,C037,477700.0,2024-08-06,2024-09-05,2024-09-01,paid
INV00781,C023,43600.0,2025-03-29,2025-04-28,2025-05-17,overdue
INV00782,C020,162300.0,2024-04-12,2024-05-12,2024-05-08,paid
INV00783,C022,37700.0,2025-01-28,2025-03-14,2025-03-12,paid
INV00784,C030,170300.0,2024-05-23,2024-06-22,2024-08-21,overdue
INV00785,C046,164200.0,2024-03-27,2024-04-26,2024-04-22,paid
INV00786,C033,12800.0,2025-09-14,2025-10-29,2025-10-24,paid
INV00787,C041,43500.0,2024-01-28,2024-03-13,2024-03-09,paid
INV00788,C033,343800.0,2025-06-05,2025-07-05,2025-07-03,paid
INV00789,C025,25300.0,2025-10-23,2025-11-07,2025-11-06,paid
INV00790,C010,348700.0,2025-05-21,2025-07-20,2025-07-24,overdue
INV00791,C042,121300.0,2025-05-26,2025-06-10,2025-06-10,paid
INV00792,C019,80600.0,2025-01-04,2025-02-18,2025-03-07,overdue
INV00793,C018,144800.0,2025-08-05,2025-10-04,2025-09-29,paid
INV00794,C012,221000.0,2024-06-25,2024-08-24,2024-08-24,paid
INV00795,C046,21300.0,2024-01-18,2024-02-02,2024-04-12,overdue
INV00796,C021,44700.0,2024-08-08,2024-08-23,2024-08-20,paid
INV00797,C017,196700.0,2025-06-02,2025-07-17,2025-07-13,paid
INV00798,C026,300500.0,2025-03-01,2025-04-30,2025-04-30,paid
INV00799,C028,32600.0,2025-10-17,2025-11-16,2025-11-14,paid
INV00800,C040,130700.0,2024-03-21,2024-04-20,2024-04-19,paid
INV00801,C021,124800.0,2025-07-03,2025-08-17,2025-08-12,paid
INV00802,C011,98000.0,2025-10-27,2025-11-11,2025-12-14,overdue
INV00803,C030,28600.0,2024-09-01,2024-09-16,2024-09-18,overdue
INV00804,C015,36500.0,2025-03-20,2025-04-04,2025-03-31,paid
INV00805,C018,22100.0,2024-02-26,2024-04-11,2024-04-06,paid
INV00806,C032,32500.0,2024-06-28,2024-07-13,2024-07-15,overdue
INV00807,C006,67200.0,2024-05-20,2024-06-04,2024-06-09,overdue
INV00808,C024,36300.0,2024-12-21,2025-02-04,2025-02-05,overdue
INV00809,C002,29300.0,2024-05-09,2024-06-23,2024-06-23,paid
INV00810,C050,144300.0,2024-01-31,2024-03-16,2024-03-14,paid
INV00811,C025,155200.0,2025-06-20,2025-07-05,2025-07-01,paid
INV00812,C007,21500.0,2025-10-04,2025-10-19,2025-10-15,paid
INV00813,C045,356400.0,2025-01-03,2025-01-18,2025-01-14,paid
INV00814,C037,93200.0,2024-06-19,2024-08-03,2024-08-05,overdue
INV00815,C002,95500.0,2024-04-15,2024-04-30,2024-05-06,overdue
INV00816,C031,228900.0,2025-06-05,2025-06-20,2025-07-14,overdue
INV00817,C008,30400.0,2024-01-13,2024-02-12,2024-02-18,overdue
INV00818,C013,19400.0,2025-01-07,2025-03-08,2025-03-07,paid
INV00819,C028,78200.0,2024-02-06,2024-04-06,2024-04-26,overdue
INV00820,C004,142700.0,2024-09-11,2024-11-10,2024-11-08,paid
INV00821,C029,127800.0,2024-10-04,2024-10-19,2024-10-19,paid
INV00822,C001,199400.0,2025-05-29,2025-06-13,2025-08-28,overdue
INV00823,C029,43700.0,2025-06-12,2025-06-27,2025-06-27,paid
INV00824,C002,33200.0,2025-04-21,2025-06-05,2025-06-03,paid
INV00825,C010,113100.0,2024-12-01,2024-12-16,2024-12-16,paid
INV00826,C002,63200.0,2025-01-12,2025-02-11,2025-02-09,paid
INV00827,C042,34700.0,2025-09-29,2025-10-29,2025-10-25,paid
INV00828,C032,66900.0,2025-05-20,2025-06-19,2025-06-15,paid
INV00829,C021,24800.0,2024-09-08,2024-10-08,2024-10-28,overdue
INV00830,C019,177400.0,2025-02-23,2025-03-10,2025-03-08,paid
INV00831,C034,24600.0,2025-10-13,2025-10-28,2025-10-28,paid
INV00832,C022,90200.0,2025-01-20,2025-03-06,2025-03-07,overdue
INV00833,C008,19600.0,2025-06-26,2025-07-26,2025-07-26,paid
INV00834,C029,343400.0,2024-05-25,2024-07-09,2024-08-08,overdue
INV00835,C028,103900.0,2024-08-25,2024-10-24,2024-10-22,paid
INV00836,C036,76300.0,2025-04-14,2025-04-29,2025-04-25,paid
INV00837,C019,140400.0,2024-05-16,2024-07-15,2024-07-27,overdue
INV00838,C027,64800.0,2025-08-04,2025-08-19,2025-08-18,paid
INV00839,C007,21700.0,2024-08-30,2024-10-14,2025-01-12,overdue
INV00840,C002,29400.0,2024-11-18,2025-01-17,2025-01-12,paid
INV00841,C013,66800.0,2024-11-30,2025-01-14,2025-01-13,paid
INV00842,C013,100400.0,2024-03-17,2024-04-16,2024-05-13,overdue
INV00843,C050,103600.0,2025-08-21,2025-09-05,2025-09-06,overdue
INV00844,C022,53900.0,2024-06-17,2024-08-16,2024-08-13,paid
INV00845,C006,107300.0,2024-05-03,2024-06-17,2024-06-16,paid
INV00846,C013,23900.0,2025-04-07,2025-05-22,2025-05-22,paid
INV00847,C018,24700.0,2024-04-02,2024-05-02,2024-04-30,paid
INV00848,C027,272900.0,2025-09-09,2025-09-24,2025-12-23,overdue
INV00849,C046,19400.0,2024-05-31,2024-06-15,2024-06-13,paid
INV00850,C034,80000.0,2025-02-09,2025-02-24,2025-02-22,paid
INV00851,C024,30400.0,2024-06-27,2024-07-12,2024-07-09,paid
INV00852,C029,72100.0,2025-07-23,2025-08-22,2025-08-23,overdue
INV00853,C011,53900.0,2024-04-14,2024-05-14,2024-06-05,overdue
INV00854,C010,49000.0,2024-03-04,2024-04-03,2024-04-20,overdue
INV00855,C046,63200.0,2025-02-14,2025-03-31,2025-03-26,paid
INV00856,C024,49200.0,2024-03-27,2024-05-11,2024-05-11,paid
INV00857,C009,496400.0,2024-01-23,2024-02-07,2024-02-09,overdue
INV00858,C032,53400.0,2025-10-23,2025-12-22,2025-12-22,paid
INV00859,C045,24000.0,2024-12-05,2024-12-20,2025-01-25,overdue
INV00860,C010,36700.0,2025-04-17,2025-05-02,2025-05-11,overdue
INV00861,C024,29800.0,2025-08-10,2025-10-09,2025-10-06,paid
INV00862,C033,209300.0,2025-05-23,2025-06-07,2025-06-04,paid
INV00863,C015,36600.0,2024-06-25,2024-08-09,2024-08-11,overdue
INV00864,C040,42200.0,2024-07-10,2024-08-24,2024-08-23,paid
INV00865,C025,137700.0,2024-02-05,2024-03-06,2024-03-03,paid
INV00866,C040,68800.0,2025-02-25,2025-04-26,2025-05-06,overdue
INV00867,C024,297300.0,2024-10-13,2024-12-12,2024-12-27,overdue
INV00868,C017,56100.0,2024-07-23,2024-08-22,2024-08-18,paid
INV00869,C018,35000.0,2024-01-20,2024-03-20,2024-03-18,paid
INV00870,C032,20200.0,2025-05-06,2025-07-05,2025-07-01,paid
INV00871,C010,58700.0,2025-05-29,2025-07-13,2025-07-12,paid
INV00872,C042,53400.0,2024-01-27,2024-03-12,2024-03-12,paid
INV00873,C013,29500.0,2024-10-14,2024-10-29,2024-10-26,paid
INV00874,C009,140700.0,2025-06-26,2025-08-10,2025-08-09,paid
INV00875,C043,26700.0,2024-06-12,2024-06-27,2024-07-03,overdue
INV00876,C015,16400.0,2024-09-03,2024-10-18,2024-10-13,paid
INV00877,C048,220300.0,2024-02-27,2024-03-28,2024-03-25,paid
INV00878,C003,167600.0,2024-12-29,2025-01-28,2025-02-02,overdue
INV00879,C042,85600.0,2025-08-29,2025-10-13,2025-10-08,paid
INV00880,C043,78600.0,2025-01-02,2025-01-17,2025-01-15,paid
INV00881,C021,78700.0,2025-08-04,2025-09-03,2025-09-02,paid
INV00882,C045,20900.0,2025-05-19,2025-07-03,2025-08-13,overdue
INV00883,C014,143400.0,2024-02-08,2024-02-23,2024-02-24,overdue
INV00884,C022,38600.0,2025-09-08,2025-10-08,2025-10-15,overdue
INV00885,C030,12900.0,2025-05-04,2025-05-19,2025-05-15,paid
INV00886,C019,51100.0,2024-07-25,2024-08-24,2024-08-23,paid
INV00887,C033,122400.0,2024-11-27,2024-12-12,2024-12-28,overdue
INV00888,C013,62300.0,2025-08-23,2025-09-22,2025-09-18,paid
INV00889,C011,42000.0,2025-01-08,2025-01-23,2025-02-07,overdue
INV00890,C002,91400.0,2025-02-09,2025-02-24,2025-02-22,paid
INV00891,C023,196400.0,2024-05-19,2024-06-18,2024-06-15,paid
INV00892,C023,178300.0,2025-10-16,2025-12-15,2025-12-14,paid
INV00893,C014,71500.0,2025-07-29,2025-09-12,2025-10-30,overdue
INV00894,C040,38200.0,2025-08-26,2025-09-25,2025-09-20,paid
INV00895,C003,35100.0,2024-10-28,2024-11-27,2025-01-02,overdue
INV00896,C034,106500.0,2024-01-02,2024-03-02,2024-02-27,paid
INV00897,C025,110900.0,2024-02-03,2024-03-04,2024-02-29,paid
INV00898,C033,49700.0,2024-08-14,2024-08-29,2024-08-28,paid
INV00899,C040,38800.0,2024-12-05,2024-12-20,2024-12-18,paid
INV00900,C037,300500.0,2024-06-20,2024-07-05,2024-06-30,paid
INV00901,C035,124700.0,2025-10-16,2025-11-30,2025-11-28,paid
INV00902,C044,251400.0,2024-08-02,2024-09-01,2024-08-30,paid
INV00903,C028,171800.0,2024-09-19,2024-10-04,2024-10-04,paid
INV00904,C030,48300.0,2025-01-30,2025-03-31,2025-03-30,paid
INV00905,C044,16100.0,2025-02-27,2025-04-28,2025-04-26,paid
INV00906,C004,80700.0,2025-07-13,2025-09-11,2025-09-14,overdue
INV00907,C020,25600.0,2025-05-05,2025-06-04,2025-06-15,overdue
INV00908,C022,71100.0,2024-03-16,2024-03-31,2024-04-14,overdue
INV00909,C039,292200.0,2024-11-22,2025-01-06,2025-01-06,paid
INV00910,C040,64900.0,2024-12-16,2025-01-15,2025-01-14,paid
INV00911,C014,26700.0,2024-03-17,2024-04-01,2024-03-28,paid
INV00912,C003,138300.0,2025-05-09,2025-05-24,2025-05-19,paid
INV00913,C006,24800.0,2024-06-17,2024-08-16,2024-08-25,overdue
INV00914,C029,46600.0,2024-04-13,2024-05-28,2024-07-03,overdue
INV00915,C008,18500.0,2024-07-13,2024-09-11,2024-09-06,paid
INV00916,C031,46400.0,2025-07-07,2025-08-21,2025-08-19,paid
INV00917,C049,70200.0,2024-08-31,2024-09-15,2024-09-22,overdue
INV00918,C007,52600.0,2025-08-08,2025-10-07,2025-10-08,overdue
INV00919,C030,145900.0,2025-01-04,2025-01-19,2025-01-17,paid
INV00920,C019,452000.0,2025-10-02,2025-12-01,,pending
INV00921,C031,109300.0,2024-06-23,2024-08-07,2024-08-04,paid
INV00922,C005,480200.0,2024-04-28,2024-06-12,2024-06-09,paid
INV00923,C028,43900.0,2025-05-15,2025-06-29,2025-07-20,overdue
INV00924,C031,89400.0,2025-07-11,2025-09-09,2025-09-17,overdue
INV00925,C013,98000.0,2025-01-25,2025-03-11,2025-03-17,overdue
INV00926,C046,141800.0,2024-02-15,2024-03-31,2024-03-29,paid
INV00927,C016,363600.0,2024-08-19,2024-10-03,2024-10-02,paid
INV00928,C024,47000.0,2024-04-09,2024-04-24,2024-04-20,paid
INV00929,C034,367300.0,2025-02-27,2025-03-29,2025-03-26,paid
INV00930,C044,46900.0,2025-06-19,2025-08-18,2025-08-13,paid
INV00931,C033,28900.0,2025-05-01,2025-05-31,2025-05-31,paid
INV00932,C017,23900.0,2025-02-08,2025-02-23,2025-02-19,paid
INV00933,C025,20200.0,2025-08-08,2025-09-07,2025-09-11,overdue
INV00934,C024,162800.0,2025-04-04,2025-05-04,2025-05-03,paid
INV00935,C029,78200.0,2024-08-04,2024-09-03,2024-09-13,overdue
INV00936,C049,65100.0,2025-03-09,2025-03-24,2025-03-21,paid
INV00937,C031,15700.0,2024-07-25,2024-08-24,2024-08-22,paid
INV00938,C017,88500.0,2024-11-23,2024-12-08,2024-12-27,overdue
INV00939,C035,245600.0,2025-07-23,2025-09-21,2025-09-19,paid
INV00940,C026,71400.0,2025-06-16,2025-08-15,2025-08-15,paid
INV00941,C041,252100.0,2025-09-30,2025-11-29,,pending
INV00942,C050,24300.0,2025-08-03,2025-08-18,2025-08-14,paid
INV00943,C042,58400.0,2024-04-13,2024-05-28,2024-05-26,paid
INV00944,C014,30400.0,2025-02-24,2025-04-10,2025-04-07,paid
INV00945,C032,20100.0,2025-08-08,2025-10-07,2025-10-13,overdue
INV00946,C024,65700.0,2024-10-09,2024-12-08,2025-02-04,overdue
INV00947,C045,40700.0,2025-09-15,2025-11-14,2025-11-17,overdue
INV00948,C024,89100.0,2024-12-05,2025-01-04,2025-01-09,overdue
INV00949,C044,207400.0,2025-05-01,2025-06-15,2025-06-15,paid
INV00950,C040,327000.0,2024-12-11,2025-01-25,2025-01-22,paid
INV00951,C032,85600.0,2024-04-10,2024-05-10,2024-06-03,overdue
INV00952,C050,30400.0,2025-03-29,2025-05-13,2025-05-10,paid
INV00953,C031,23700.0,2025-09-11,2025-09-26,2025-10-22,overdue
INV00954,C019,43800.0,2024-08-04,2024-10-03,2024-09-29,paid
INV00955,C034,84500.0,2025-01-17,2025-02-01,2025-01-31,paid
INV00956,C025,62500.0,2024-03-08,2024-04-22,2024-04-19,paid
INV00957,C013,271500.0,2024-05-18,2024-06-02,2024-06-29,overdue
INV00958,C043,35100.0,2024-07-24,2024-08-08,2024-08-23,overdue
INV00959,C009,792400.0,2025-04-12,2025-04-27,2025-04-22,paid
INV00960,C009,83500.0,2024-07-22,2024-09-05,2024-09-02,paid
INV00961,C018,44800.0,2025-06-01,2025-07-31,2025-07-31,paid
INV00962,C048,394700.0,2024-02-01,2024-03-02,2024-02-27,paid
INV00963,C025,140000.0,2025-04-01,2025-05-01,2025-04-28,paid
INV00964,C017,53700.0,2025-08-23,2025-10-07,2025-10-05,paid
INV00965,C001,365900.0,2024-04-02,2024-05-17,2024-06-14,overdue
INV00966,C014,28900.0,2024-02-20,2024-03-21,2024-03-20,paid
INV00967,C025,46400.0,2024-08-14,2024-09-13,2024-09-11,paid
INV00968,C017,38300.0,2025-10-29,2025-12-28,,pending
INV00969,C016,159000.0,2024-05-15,2024-06-14,2024-06-14,paid
INV00970,C031,47400.0,2024-08-17,2024-10-01,2024-09-29,paid
INV00971,C002,39000.0,2025-10-20,2025-12-04,2025-12-01,paid
INV00972,C012,23700.0,2025-04-15,2025-05-30,2025-05-28,paid
INV00973,C023,22600.0,2025-06-17,2025-08-16,2025-08-16,paid
INV00974,C031,17800.0,2025-06-07,2025-07-22,2025-07-18,paid
INV00975,C003,203200.0,2025-09-15,2025-10-30,2025-10-31,overdue
INV00976,C037,143900.0,2024-04-20,2024-06-19,2024-06-20,overdue
INV00977,C014,55900.0,2024-10-10,2024-11-24,2024-11-22,paid
INV00978,C022,54400.0,2025-10-29,2025-12-13,2026-01-15,overdue
INV00979,C032,70700.0,2024-09-03,2024-09-18,2024-09-14,paid
INV00980,C009,102300.0,2025-02-17,2025-04-03,2025-03-29,paid
INV00981,C030,81500.0,2024-01-27,2024-03-27,2024-03-25,paid
INV00982,C010,175700.0,2025-03-04,2025-05-03,2025-05-03,paid
INV00983,C019,12000.0,2025-08-20,2025-09-19,2025-09-14,paid
INV00984,C006,64400.0,2024-08-15,2024-10-14,2024-10-09,paid
INV00985,C004,16700.0,2025-01-02,2025-02-16,2025-02-11,paid
INV00986,C043,467500.0,2025-07-25,2025-08-24,2025-09-20,overdue
INV00987,C039,210600.0,2025-04-27,2025-05-27,2025-05-22,paid
INV00988,C047,188100.0,2025-07-26,2025-08-25,2025-08-23,paid
INV00989,C049,25100.0,2025-11-01,2025-11-16,,pending
INV00990,C022,22800.0,2024-11-10,2025-01-09,2025-01-07,paid
INV00991,C007,34100.0,2025-01-15,2025-03-01,2025-02-26,paid
INV00992,C022,38600.0,2024-04-30,2024-06-29,2024-07-26,overdue
INV00993,C002,22800.0,2025-10-11,2025-10-26,2025-10-25,paid
INV00994,C001,43900.0,2025-05-27,2025-06-11,2025-06-08,paid
INV00995,C001,246400.0,2025-06-26,2025-08-10,2025-08-09,paid
INV00996,C027,116800.0,2024-05-20,2024-06-19,2024-06-15,paid
INV00997,C010,120300.0,2025-04-13,2025-05-13,2025-06-16,overdue
INV00998,C036,53700.0,2024-07-03,2024-07-18,2024-07-13,paid
INV00999,C044,93800.0,2024-06-30,2024-08-14,2024-08-14,paid
INV01000,C015,294000.0,2025-04-07,2025-05-22,2025-06-01,overdue
INV01001,C039,98900.0,2024-06-21,2024-07-21,2024-07-21,paid
INV01002,C032,19300.0,2024-05-12,2024-07-11,2024-07-08,paid
INV01003,C038,48000.0,2025-03-15,2025-05-14,2025-06-12,overdue
INV01004,C016,160500.0,2024-02-08,2024-03-09,2024-03-09,paid
INV01005,C028,30700.0,2024-11-25,2024-12-25,2025-01-02,overdue
INV01006,C005,48700.0,2024-01-05,2024-02-04,2024-02-11,overdue
INV01007,C020,89800.0,2024-12-18,2025-02-01,2025-02-08,overdue
INV01008,C002,46600.0,2025-01-27,2025-03-13,2025-03-14,overdue
INV01009,C017,447900.0,2024-02-16,2024-04-01,2024-03-29,paid
INV01010,C036,30800.0,2025-06-16,2025-07-31,2025-07-26,paid
INV01011,C034,70100.0,2024-05-17,2024-07-01,2024-06-28,paid
INV01012,C017,35100.0,2025-01-02,2025-02-01,2025-02-02,overdue
INV01013,C031,21200.0,2025-02-17,2025-03-04,2025-02-27,paid
INV01014,C028,290300.0,2024-05-14,2024-06-13,2024-06-09,paid
INV01015,C040,72300.0,2025-05-31,2025-06-30,2025-07-14,overdue
INV01016,C046,25600.0,2025-10-28,2025-11-12,2025-11-07,paid
INV01017,C037,45200.0,2024-09-18,2024-10-03,2024-10-03,paid
INV01018,C040,130100.0,2024-04-20,2024-05-05,2024-05-24,overdue
INV01019,C034,179500.0,2024-04-28,2024-06-27,2024-06-27,paid
INV01020,C014,31600.0,2025-07-14,2025-08-28,2025-08-27,paid
INV01021,C007,22100.0,2024-07-29,2024-08-13,2024-09-04,overdue
INV01022,C034,131100.0,2024-04-13,2024-05-28,2024-05-23,paid
INV01023,C026,47300.0,2024-05-20,2024-07-19,2024-07-19,paid
INV01024,C001,38600.0,2025-06-07,2025-06-22,2025-07-16,overdue
INV01025,C001,93700.0,2024-04-18,2024-06-17,2024-08-25,overdue
INV01026,C012,63900.0,2024-07-23,2024-09-06,2024-09-05,paid
INV01027,C044,149300.0,2025-01-01,2025-03-02,2025-03-02,paid
INV01028,C012,38800.0,2025-07-15,2025-09-13,2025-09-08,paid
INV01029,C022,85700.0,2025-05-07,2025-06-21,2025-07-09,overdue
INV01030,C033,266900.0,2024-01-14,2024-01-29,2024-01-25,paid
INV01031,C002,191300.0,2025-05-20,2025-06-19,2025-06-15,paid
INV01032,C019,44600.0,2024-03-17,2024-04-01,2024-03-27,paid
INV01033,C025,36800.0,2024-08-24,2024-10-23,2024-10-21,paid
INV01034,C019,30500.0,2024-09-27,2024-11-26,2024-12-24,overdue
INV01035,C050,274900.0,2024-06-27,2024-07-12,2024-07-10,paid
INV01036,C040,21200.0,2024-11-16,2025-01-15,2025-01-15,paid
INV01037,C016,257300.0,2024-02-16,2024-03-02,2024-02-26,paid
INV01038,C005,53700.0,2025-10-24,2025-11-23,2025-12-06,overdue
INV01039,C034,193500.0,2025-09-28,2025-11-12,2025-11-12,paid
INV01040,C033,29800.0,2025-01-16,2025-03-02,2025-03-27,overdue
INV01041,C041,68800.0,2025-02-14,2025-04-15,2025-04-13,paid
INV01042,C014,45500.0,2025-01-29,2025-03-30,2025-03-25,paid
INV01043,C033,30100.0,2024-06-19,2024-07-04,2024-07-07,overdue
INV01044,C007,149800.0,2024-03-01,2024-03-31,2024-04-14,overdue
INV01045,C020,77500.0,2025-08-27,2025-10-26,2025-10-21,paid
INV01046,C048,183600.0,2025-03-24,2025-04-23,2025-04-21,paid
INV01047,C002,117600.0,2025-09-18,2025-10-03,2025-09-28,paid
INV01048,C048,36600.0,2024-05-13,2024-07-12,2024-07-12,paid
INV01049,C043,43800.0,2025-02-25,2025-04-26,2025-07-12,overdue
INV01050,C027,116300.0,2024-09-24,2024-11-08,2024-11-21,overdue
INV01051,C016,68700.0,2025-06-21,2025-07-21,2025-07-16,paid
INV01052,C038,436200.0,2024-12-12,2024-12-27,2024-12-28,overdue
INV01053,C016,67300.0,2024-09-11,2024-11-10,2024-11-05,paid
INV01054,C035,71500.0,2025-10-18,2025-12-17,2025-12-29,overdue
INV01055,C027,85200.0,2025-09-19,2025-10-04,2025-10-05,overdue
INV01056,C028,1550700.0,2024-06-09,2024-08-08,2024-08-07,paid
INV01057,C036,35900.0,2024-03-17,2024-05-16,2024-05-14,paid
INV01058,C043,147600.0,2024-10-11,2024-10-26,2024-10-22,paid
INV01059,C006,49700.0,2025-10-20,2025-12-19,,pending
INV01060,C022,240800.0,2025-03-30,2025-05-29,2025-06-09,overdue
INV01061,C042,58600.0,2025-05-25,2025-07-24,2025-07-21,paid
INV01062,C031,197300.0,2025-10-31,2025-11-15,2025-11-25,overdue
INV01063,C040,102200.0,2025-02-26,2025-03-13,2025-03-13,paid
INV01064,C020,34100.0,2024-04-03,2024-05-18,2024-05-14,paid
INV01065,C014,550900.0,2024-07-30,2024-09-28,2024-09-26,paid
INV01066,C020,35300.0,2024-02-25,2024-03-26,2024-03-24,paid
INV01067,C018,114100.0,2025-07-27,2025-09-25,2025-09-23,paid
INV01068,C030,121000.0,2025-04-08,2025-04-23,2025-05-19,overdue
INV01069,C026,23400.0,2024-08-15,2024-08-30,2024-08-25,paid
INV01070,C019,41700.0,2024-10-25,2024-12-09,2024-12-09,paid
INV01071,C021,25200.0,2024-06-17,2024-08-16,2024-08-22,overdue
INV01072,C049,40000.0,2025-02-23,2025-03-10,2025-03-24,overdue
INV01073,C038,22300.0,2024-07-19,2024-08-18,2024-10-21,overdue
INV01074,C010,23700.0,2025-02-06,2025-03-08,2025-03-07,paid
INV01075,C020,112000.0,2024-12-12,2024-12-27,2024-12-27,paid
INV01076,C025,57500.0,2025-10-10,2025-10-25,2025-10-22,paid
INV01077,C033,54300.0,2025-04-13,2025-05-13,2025-05-13,paid
INV01078,C004,56600.0,2025-06-27,2025-07-12,2025-07-09,paid
INV01079,C040,101900.0,2025-08-22,2025-10-21,2025-10-20,paid
INV01080,C021,80500.0,2025-08-15,2025-09-14,2025-09-13,paid
INV01081,C028,1386900.0,2024-04-16,2024-06-15,2024-06-11,paid
INV01082,C014,44300.0,2024-11-25,2025-01-24,2025-01-20,paid
INV01083,C016,488400.0,2024-09-11,2024-10-26,2024-10-24,paid
INV01084,C048,123500.0,2024-10-28,2024-12-27,2024-12-26,paid
INV01085,C042,81800.0,2025-02-26,2025-04-12,2025-04-08,paid
INV01086,C038,557500.0,2024-11-17,2024-12-17,2025-01-22,overdue
INV01087,C036,49900.0,2025-10-01,2025-11-15,2025-11-10,paid
INV01088,C049,30000.0,2024-05-15,2024-06-14,2024-06-09,paid
INV01089,C040,31100.0,2025-10-14,2025-11-28,2025-11-26,paid
INV01090,C018,16800.0,2025-07-29,2025-09-27,2025-09-22,paid
INV01091,C020,46700.0,2025-03-03,2025-04-17,2025-04-14,paid
INV01092,C038,165400.0,2024-01-14,2024-01-29,2024-03-15,overdue
INV01093,C049,2746300.0,2024-05-28,2024-06-12,2024-06-11,paid
INV01094,C014,87100.0,2024-09-30,2024-10-30,2024-10-25,paid
INV01095,C042,141000.0,2024-09-13,2024-10-13,2024-10-08,paid
INV01096,C023,100000.0,2024-10-29,2024-11-28,2024-11-28,paid
INV01097,C001,138700.0,2025-01-02,2025-03-03,2025-03-28,overdue
INV01098,C047,55400.0,2025-07-29,2025-08-28,2025-08-24,paid
INV01099,C013,62900.0,2025-02-02,2025-03-04,2025-02-27,paid
INV01100,C042,85800.0,2024-10-21,2024-11-05,2024-11-02,paid
INV01101,C039,19600.0,2025-03-02,2025-04-16,2025-04-16,paid
INV01102,C046,270200.0,2024-01-14,2024-02-28,2024-03-20,overdue
INV01103,C038,184000.0,2025-03-29,2025-04-28,2025-04-23,paid
INV01104,C048,21900.0,2025-10-25,2025-12-09,2025-12-05,paid
INV01105,C011,161400.0,2024-07-20,2024-08-19,2024-11-17,overdue
INV01106,C013,22100.0,2024-06-30,2024-07-15,2024-08-08,overdue
INV01107,C036,49500.0,2024-06-26,2024-07-11,2024-07-08,paid
INV01108,C026,86200.0,2024-10-12,2024-11-26,2024-12-15,overdue
INV01109,C007,16200.0,2025-08-21,2025-10-05,2025-11-24,overdue
INV01110,C024,404400.0,2025-04-22,2025-05-22,2025-05-24,overdue
INV01111,C041,89700.0,2024-11-26,2024-12-11,2024-12-06,paid
INV01112,C002,89500.0,2025-09-22,2025-11-06,2025-11-02,paid
INV01113,C014,155600.0,2025-07-17,2025-08-31,2025-09-15,overdue
INV01114,C027,61100.0,2024-11-21,2024-12-21,2024-12-17,paid
INV01115,C033,47300.0,2024-03-10,2024-04-09,2024-04-05,paid
INV01116,C004,25400.0,2025-02-17,2025-03-04,2025-03-03,paid
INV01117,C045,14500.0,2024-12-05,2025-01-19,2025-01-18,paid
INV01118,C047,32800.0,2025-09-25,2025-11-24,2025-11-19,paid
INV01119,C041,75100.0,2024-01-10,2024-01-25,2024-01-22,paid
INV01120,C036,62000.0,2024-09-03,2024-10-03,2024-09-28,paid
INV01121,C036,39800.0,2024-11-24,2025-01-23,2025-01-23,paid
INV01122,C026,480600.0,2025-01-30,2025-03-16,2025-03-14,paid
INV01123,C011,46300.0,2024-01-26,2024-03-11,2024-03-07,paid
INV01124,C033,41400.0,2025-04-01,2025-05-31,2025-06-05,overdue
INV01125,C027,317300.0,2025-10-29,2025-11-28,,pending
INV01126,C001,57400.0,2024-04-08,2024-05-08,2024-05-04,paid
INV01127,C026,105200.0,2025-06-30,2025-07-15,2025-07-14,paid
INV01128,C049,187100.0,2025-10-06,2025-11-05,2025-11-02,paid
INV01129,C025,24700.0,2024-04-16,2024-05-16,2024-05-11,paid
INV01130,C004,52600.0,2025-03-21,2025-04-05,2025-04-04,paid
INV01131,C019,211600.0,2024-01-25,2024-03-25,2024-03-25,paid
INV01132,C018,163500.0,2024-03-30,2024-04-14,2024-05-15,overdue
INV01133,C044,45700.0,2024-09-14,2024-09-29,2024-09-28,paid
INV01134,C029,25400.0,2024-09-21,2024-11-20,2024-11-15,paid
INV01135,C026,44000.0,2025-02-18,2025-04-19,2025-04-16,paid
INV01136,C034,93300.0,2024-05-01,2024-05-16,2024-05-12,paid
INV01137,C017,146900.0,2024-03-05,2024-03-20,2024-03-20,paid
INV01138,C007,25600.0,2025-01-01,2025-01-16,2025-03-02,overdue
INV01139,C024,45300.0,2024-11-04,2024-11-19,2024-12-23,overdue
INV01140,C045,84900.0,2025-03-24,2025-05-23,2025-05-18,paid
INV01141,C015,62000.0,2024-02-01,2024-04-01,2024-04-06,overdue
INV01142,C049,66200.0,2024-08-13,2024-09-12,2024-09-08,paid
INV01143,C043,52600.0,2024-10-29,2024-11-28,2025-01-18,overdue
INV01144,C010,42600.0,2025-10-25,2025-12-09,2025-12-09,paid
INV01145,C024,199700.0,2025-07-22,2025-08-21,2025-08-26,overdue
INV01146,C048,25200.0,2024-01-06,2024-03-06,2024-03-06,paid
INV01147,C012,41600.0,2024-11-08,2024-12-08,2024-12-03,paid
INV01148,C003,352600.0,2024-12-18,2025-01-17,2025-01-12,paid
INV01149,C027,47800.0,2025-06-08,2025-07-08,2025-07-25,overdue
INV01150,C012,16200.0,2024-08-14,2024-09-28,2024-09-27,paid
INV01151,C050,68100.0,2025-08-03,2025-08-18,2025-08-14,paid
INV01152,C019,41200.0,2025-04-17,2025-05-02,2025-05-02,paid
INV01153,C033,75800.0,2024-09-13,2024-09-28,2024-10-01,overdue
INV01154,C050,152800.0,2025-08-17,2025-10-16,2025-10-14,paid
INV01155,C022,75200.0,2024-05-11,2024-06-10,2024-08-06,overdue
INV01156,C008,64200.0,2025-09-26,2025-10-11,2025-10-09,paid
INV01157,C003,160600.0,2025-05-12,2025-07-11,2025-07-12,overdue
INV01158,C039,38400.0,2024-11-09,2024-12-09,2024-12-07,paid
INV01159,C036,16800.0,2024-11-19,2025-01-18,2025-04-03,overdue
INV01160,C030,89700.0,2024-11-16,2024-12-16,2024-12-11,paid
INV01161,C024,30900.0,2025-10-18,2025-12-17,2026-01-30,overdue
INV01162,C010,21200.0,2024-12-05,2025-02-03,2025-02-01,paid
INV01163,C024,192600.0,2024-11-08,2025-01-07,2025-01-06,paid
INV01164,C048,185200.0,2025-10-23,2025-11-07,2025-11-06,paid
INV01165,C007,89800.0,2025-07-05,2025-08-04,2025-08-23,overdue
INV01166,C046,387300.0,2025-10-03,2025-10-18,2025-10-18,paid
INV01167,C018,191000.0,2025-06-03,2025-06-18,2025-06-14,paid
INV01168,C017,164400.0,2025-02-18,2025-03-20,2025-03-16,paid
INV01169,C001,98800.0,2024-09-23,2024-11-22,2024-11-21,paid
INV01170,C020,107000.0,2025-01-09,2025-03-10,2025-03-14,overdue
INV01171,C018,40300.0,2025-08-26,2025-10-10,2025-10-18,overdue
INV01172,C015,29100.0,2025-05-28,2025-06-12,2025-06-08,paid
INV01173,C042,94800.0,2024-01-11,2024-02-10,2024-02-06,paid
INV01174,C034,11300.0,2024-06-18,2024-07-18,2024-07-17,paid
INV01175,C018,110000.0,2025-08-02,2025-09-01,2025-08-29,paid
INV01176,C040,131000.0,2025-01-02,2025-01-17,2025-01-14,paid
INV01177,C046,30400.0,2024-08-25,2024-09-09,2024-09-12,overdue
INV01178,C044,49800.0,2024-08-27,2024-09-11,2024-09-07,paid
INV01179,C045,52200.0,2025-01-04,2025-03-05,2025-03-02,paid
INV01180,C031,63500.0,2024-02-17,2024-03-03,2024-03-01,paid
INV01181,C031,45200.0,2024-04-15,2024-05-30,2024-05-28,paid
INV01182,C050,18800.0,2025-08-15,2025-09-14,2025-09-11,paid
INV01183,C002,274700.0,2025-01-09,2025-01-24,2025-01-21,paid
INV01184,C045,17700.0,2024-08-16,2024-10-15,2024-10-13,paid
INV01185,C047,141300.0,2025-05-13,2025-07-12,2025-07-12,paid
INV01186,C043,33800.0,2025-05-28,2025-06-27,2025-06-26,paid
INV01187,C043,43500.0,2024-03-19,2024-05-03,2024-08-01,overdue
INV01188,C004,64300.0,2024-07-10,2024-08-09,2024-08-04,paid
INV01189,C042,19500.0,2024-05-01,2024-05-31,2024-05-29,paid
INV01190,C015,101700.0,2024-04-26,2024-06-25,2024-06-22,paid
INV01191,C013,21700.0,2024-08-03,2024-09-02,2024-08-30,paid
INV01192,C037,96800.0,2024-01-23,2024-02-22,2024-04-12,overdue
INV01193,C003,123800.0,2025-08-10,2025-09-09,2025-09-19,overdue
INV01194,C038,46200.0,2025-06-08,2025-06-23,2025-06-22,paid
INV01195,C031,58700.0,2024-02-27,2024-03-28,2024-03-27,paid
INV01196,C029,23800.0,2025-06-13,2025-08-12,2025-08-08,paid
INV01197,C013,198000.0,2025-10-14,2025-10-29,2025-10-24,paid
INV01198,C007,21700.0,2024-10-17,2024-11-01,2024-11-28,overdue
INV01199,C045,52200.0,2025-09-13,2025-11-12,2025-11-11,paid
INV01200,C005,14600.0,2024-08-12,2024-10-11,2024-10-07,paid
